public_id,name,name_en,type,country,region,focus,instruments,role,fb_url,ig_url,youtube_url,x_url,threads_url,tiktok_url,website_url,opentix_query,keywords
2,臺灣口琴音樂節 THMF,Taiwan Harmonica Music Festival,活動/資訊入口,臺灣,臺灣,音樂節/比賽/Gala/講座/午間音樂會/新興團體/2026成績公告與結果入口,半音階/複音/十孔/重奏,核心活動/活動資訊與比賽結果來源,https://www.facebook.com/twharmonica/,https://www.instagram.com/taiwanharmonica/,https://www.youtube.com/@thmc6470,,,,https://www.taiwanharmonica.com/,口琴,THMF 臺灣口琴音樂節 Taiwan Harmonica Music Festival 2026 成績 公開組 午間音樂會 Gala
3,天狼星口琴樂團 Sirius Harmonica Ensemble,Sirius Harmonica Ensemble,團體,臺灣,臺灣,口琴重奏/2017 WHF小合奏冠軍/TAIWAN TOP/THMF主辦/近年SIHF FEN APHF交流/SIHF 2026,口琴重奏/合奏,國際演出團體/音樂節主辦,https://www.facebook.com/SiriusHarp/,https://www.instagram.com/siriusharmonicaensemble/,https://www.youtube.com/SiriusHARP,,https://www.threads.net/@siriusharmonicaensemble,,https://www.taiwanharmonica.com/sirius,口琴,天狼星口琴樂團 Sirius Harmonica Ensemble WHF TAIWAN TOP THMF SIHF FEN APHF 2026
4,茱蒂口琴樂團 Judy's Harmonica Ensemble,Judy's Harmonica Ensemble,團體,臺灣,臺灣,口琴重奏與教育推廣/2002起參與亞太口琴節/2026 APHF三場音樂會與重奏講座/第二屆海峽兩岸蕉城文化週專場/琴韻東坡・簧鳴西南,半音階口琴/複音口琴/和弦口琴/低音口琴,國際演出團體/重奏教育與講座/兩岸交流,https://www.facebook.com/Judys.Harmonica.Ensemble/,https://www.instagram.com/judys.harmonica.ensemble/,https://www.youtube.com/@JudysHarmonicaEnsemble,,https://www.threads.net/@judys.harmonica.ensemble,,https://www.judysharmonica.com/,口琴,Judy's Harmonica Ensemble 茱蒂口琴樂團 APHF 2026 海峽兩岸 蕉城 重奏講座 琴韻東坡 簧鳴西南
5,胖擊口琴樂團,Punch Harmonica Ensemble,團體,臺灣,臺灣,口琴重奏/2016成立/五人編制/SIHF三重奏與重奏冠軍/2025 WHF三重奏與小合奏亞軍/THMF與SIHF 2026,半音階口琴/和弦口琴/倍低音口琴,國際演出團體/音樂教育推廣,https://www.facebook.com/Punch.Harp/,https://www.instagram.com/punch.harp/,https://www.youtube.com/@punchharp,,https://www.threads.net/@punch.harp,,https://www.taiwanharmonica.com/punch,口琴,Punch Harmonica Ensemble 胖擊口琴樂團 THMF SIHF 2026 WHF 2025 黃冠誌 王衍華 林裕豐 王心禾 陳聰
6,狂響口琴樂團 Rhapsody Harmonica Ensemble,Rhapsody Harmonica Ensemble,團體,臺灣,臺灣,口琴重奏與合奏/口琴教學/簡譜製作/編曲/THMF 2026協辦,口琴重奏/口琴合奏,演出團體/教學與編曲來源/音樂節協辦,https://www.facebook.com/RhapsodyHarmonicaEnsemble/,,,,,,,口琴,Rhapsody Harmonica Ensemble 狂響口琴樂團 教學 簡譜 編曲 THMF 2026
7,博凱愛樂口琴交響樂團,Pokai Harmonica Symphony Orchestra,團體,臺灣,臺灣,口琴交響樂與大型合奏/公開演出/影音紀錄/THMF 2026協辦,半音階口琴/複音口琴/和弦口琴/低音口琴,演出團體/大型口琴樂團/音樂節協辦,https://www.facebook.com/HarmonicaSymphony/,,https://www.youtube.com/@pokaiho,,,,https://pokaiho.blogspot.com/,口琴,博凱愛樂口琴交響樂團 Pokai Harmonica Symphony Orchestra THMF 2026
8,台中市中華口琴會,Taichung City Chinese Harmonica Association,協會/團體,臺灣,臺灣/臺中,台中地方口琴會/樂團/學生系統/比賽演出,口琴合奏/口琴隊,地方協會/演出團體/學生系統來源,https://www.facebook.com/TCHarmonicaA/?locale=zh_TW,,https://www.youtube.com/@%E5%8F%B0%E4%B8%AD%E5%B8%82%E4%B8%AD%E8%8F%AF%E5%8F%A3%E7%90%B4%E6%9C%83,,,,https://www.tcharmonica.org.tw/,口琴,台中市中華口琴會 臺中市中華口琴會 口琴會 樂團 學生 團隊 口琴
9,李讓 Jang Li,Jang Li,個人,臺灣,臺灣,半音階/十孔/作曲/配樂/跨界,半音階/十孔,演出人員,https://www.facebook.com/Jang.Li.Harmonica/,https://www.instagram.com/jangli_harmonica/,https://www.youtube.com/jangliharmonica,https://x.com/JangLiHarmonica,https://www.threads.net/@jangli_harmonica,,https://jangliharmonica.com/,口琴,李讓 Jang Li
10,林家靖 Rolabo Lin,Rolabo Lin,個人,臺灣,臺灣,半音階/複音/原創/比賽曲/SIHF 2026/2026 琴韻東坡・簧鳴西南,半音階/複音,演出人員,https://www.facebook.com/HarmonicaLin/,https://www.instagram.com/rolabo_lin/,https://www.youtube.com/channel/UCq7wIztEVPNDEaAJ6rdXZEA,,,,https://harmonica.tw/course/jia-jing/,口琴,林家靖 Rolabo Lin Jia-jing Lin SIHF 2026 琴韻東坡 簧鳴西南
11,張筑婷,Chu-Ting Chang,個人,臺灣,臺灣/臺北,國際級複音口琴演奏與逾20年教學/2010亞太口琴大賽傳統與創意複音雙料冠軍/2012《東方的穹蒼》以近250把複音口琴創世界紀錄並登國家音樂廳/與管弦樂團及國樂團協奏/2018與2023首爾國際口琴節評審及嘉賓,複音口琴/複音口琴協奏,國際演出人員/專職教育者/國際與全國賽事評審/專輯演奏者,https://www.facebook.com/p/%E5%BC%B5%E7%AD%91%E5%A9%B7%E8%A4%87%E9%9F%B3%E5%8F%A3%E7%90%B4-CTTH-100066550038070/,https://www.instagram.com/mandy730508_harmonica/,https://www.youtube.com/mandy730508,,https://www.threads.net/@mandy730508_harmonica,,https://harmonica.tw/course/chuting/,口琴,張筑婷 Chu-Ting Chang 複音口琴 APHF 雙料冠軍 250把 世界紀錄 國家音樂廳 東方的穹蒼 SIHF 評審
12,臺灣口琴樂團,Taiwan Harmonica Ensemble,團體,臺灣,臺灣,1998成立/THE-22/合奏/公開演出/指定曲出版,口琴合奏,演出團體,,,,,,,https://ntualumnibm.ntu.edu.tw/bm.bimonthly.article/detail/sn/4169,,臺灣口琴樂團 Taiwan Harmonica Ensemble THE-22 廖訓禎
13,DoNuts 口琴樂團,DoNuts Harmonica Ensemble,團體,臺灣,臺灣,臺灣青年口琴重奏/跨曲風舞台演出/影音作品,口琴重奏/合奏,演出團體/影音來源,https://www.facebook.com/harpDoNuts/,https://www.instagram.com/donuts_harmonica/,https://www.youtube.com/@harpdonuts,,,,,口琴,DoNuts 口琴樂團 DoNuts Harmonica Ensemble Taiwan
14,mr.Why 花影樂團,mr.Why,團體,臺灣,臺灣,跨界/流行/李讓相關,口琴/跨界,演出團體,https://www.facebook.com/Mr.WhyWhy/,https://www.instagram.com/mr.why.why/,https://www.youtube.com/c/MrWhyOfficialChannel/videos,,,,https://portaly.cc/mr.Why,口琴,mr.Why 花影樂團 李讓
15,口琴好南合奏樂團,Harmonica Is Difficult Orchestra,團體,臺灣,臺灣,南部口琴合奏/THMF 2026大合奏公開組並列季軍,口琴大合奏,演出團體,https://www.facebook.com/HarmonicaIsDifficultOrchestra/,https://www.instagram.com/sodifficult_harmonica/,https://www.youtube.com/@%E5%8F%A3%E7%90%B4%E5%A5%BD%E5%8D%97,,,,,口琴,口琴好南合奏樂團 THMF 2026 大合奏 公開組 季軍
16,Dr. Blue 口琴樂團,Dr. Blue Harmonica Ensemble,團體,臺灣,臺灣/臺北,源自台大藍聲口琴社/青年口琴重奏與合奏/推廣口琴音樂/精進樂團合奏能力/2023臺灣口琴音樂節小合奏公開組首獎/年度專場音樂會,半音階口琴/低音口琴/和弦口琴/口琴重奏與合奏,青年演出團體/大學校友樂團/臺灣口琴音樂節得獎團體,https://www.facebook.com/dr.blueharmonica/,https://www.instagram.com/dr.blue_harmonica/,https://www.youtube.com/channel/UCvHln_2aWplJqbfO_9aPatw,,,,https://drblue.kktix.cc/,口琴,Dr. Blue 口琴樂團 NTU Blue Sound 臺大藍聲 THMF 2023 首獎 重奏 合奏 年度音樂會
17,111 Trio / 111 Quintet,111 Quintet,團體,臺灣,臺灣,口琴與鋼琴弦樂室內樂/2025 WHF公開組111 Duo冠軍與111 Quintet亞軍/跨編制演出,半音階口琴/鋼琴/弦樂,國際演出團體/室內樂企劃,https://www.facebook.com/111triotaiwan/,https://www.instagram.com/111quintet/,https://www.youtube.com/channel/UCyCPSbKpVa9oaAAqCRjcvZA,,,,https://www.opentix.life/event/2032309659700649985,口琴,111 Trio 111 Duo 111 Quintet WHF 2025 champion second place chamber music
18,Up Side Down,Up Side Down Harmonica Ensemble,團體,臺灣,臺灣,大學生新生代五人重奏/陳奕、謝侑恩、蔡佳紜、蔡景玫、郭義駿/影音與活動演出,半音階口琴/低音口琴/和弦口琴,青年演出團體/影音來源,,https://www.instagram.com/usd_harmonica/,https://www.youtube.com/@UpSideDownharmonicaensemble,,https://www.threads.net/@usd_harmonica,,,口琴,Up Side Down Harmonica Ensemble 陳奕 謝侑恩 蔡佳紜 蔡景玫 郭義駿
19,BBG 口琴三重奏,BBG Harmonica Trio,團體,臺灣,臺灣,臺中系青年演奏者/THMF 2024,口琴三重奏,演出團體,,,,,,,https://www.taiwanharmonica.com/,,BBG 口琴三重奏 BBG H. E. THMF 2024
20,Miss H. 口琴樂團,Miss H. Harmonica Ensemble,團體,臺灣,臺灣/臺北,2015成立/萬興國小系/青年重奏/公開演出,口琴重奏,演出團體,,,,,,,https://mx.nthu.edu.tw/~ymchen/sirius/pic/2016star.pdf,,Miss H. 口琴樂團 萬興國小 吳采容 Lady NaNa
21,Orion 口琴樂團,Orion Harmonica Ensemble,團體,臺灣,臺灣,青少年室內樂/WHF 2025/張晁滕/陳瑤容,口琴重奏,演出團體,,,,,,,https://tixfun.com/UTK0201_?PRODUCT_ID=Q025T5HU,,Orion 口琴樂團 WHF 2025 張晁滕 陳瑤容
22,Spotlight 口琴樂團,Spotlight Harmonica Ensemble,團體,臺灣,臺灣/彰化,2015成立/中山國小與陽明國中口琴團系統/六人重奏/流行、古典、民謠與Funky跨曲風,口琴重奏/合奏,青年演出團體/校園口琴培育系統延伸,https://www.facebook.com/people/Spotlight-Harmonica-Ensemble/100070066273672/,,,,,,,口琴,Spotlight 口琴樂團 彰化 中山國小 陽明國中 2015 funky
23,Baba & Needem,Baba & Needem,團體,臺灣,臺灣/臺南,口琴二重奏/教學/演出/2018 SIHF 二重奏冠軍/2025 WHF Outstanding,口琴二重奏,演出團體,,,,,,,https://www.taiwanharmonica.com/2026artists-midday,,Baba Needem 巴巴口琴坊 臺南 口琴 二重奏 THMF SIHF WHF
24,口琴愛樂集,Philharmonica,團體/社群,臺灣,臺灣,2004由沈雕龍創立/青年半音階口琴演奏者交流/重奏與合奏/演出資訊,半音階口琴/口琴重奏,演出團體/青年交流社群/活動資訊來源,https://www.facebook.com/philharmonica.fans/,,,,,,,口琴,口琴愛樂集 Philharmonica 沈雕龍 2004 青年 半音階
25,頭殼口琴樂團,Brain Horizon,團體,臺灣,臺灣/新竹,2012年由清大與交大口琴人創團/古典、流行與自編口琴重奏/跨樂器演出/2014亞太口琴節5至16人小合奏公開組冠軍/2015成大盃小合奏冠軍與臺灣國際口琴藝術節菁英賽亞軍,半音階口琴/低音口琴/和弦口琴/口琴重奏,演出團體/編曲團隊/亞太口琴節冠軍團體,https://www.facebook.com/BrainHorizonHARP/,,https://www.youtube.com/@brainhorizon570,,,,,口琴,頭殼口琴樂團 Brain Horizon Harmonica Ensemble 清大 交大 2012 APHF 2014 冠軍 成大盃 2015 TIHF 重奏 編曲
26,Laelaps 口琴,Laelaps Harmonica,品牌/工作室,臺灣,臺灣/新竹,2018年於臺灣創立/張晁滕與蔡明憲共同製琴/依演奏者需求客製半音階口琴/手工調校氣密性、簧片靈敏度、吹嘴與按鍵/12、14、16孔Stellar系列/國際演奏者俱樂部,12孔/14孔/16孔半音階口琴/客製口琴,臺灣口琴品牌/手工製琴工作室/演奏者與教育者共同創辦,https://www.facebook.com/laelapsharmonica/,https://www.instagram.com/laelapsharmonica/,https://www.youtube.com/@laelapsharmonica,,https://www.threads.net/@laelapsharmonica,,https://laelapsharmonica.com/zh/about/,口琴,Laelaps 口琴 Laelaps Harmonica 2018 張晁滕 Jordan 蔡明憲 DMing Stellar 48 56 64 半音階 客製 手工製琴 氣密 簧片靈敏度
27,音和樂器,PeaceTones Harmonica,樂器行/口琴專賣店,臺灣,臺灣/臺北,口琴器材/活動資訊/口琴買賣/維修保養/教學服務,口琴,器材/教學來源,https://www.facebook.com/PeaceTones.harmonica/,https://www.instagram.com/peacetones.harmonica/,https://www.youtube.com/@peacetonesharmonica,,,,https://0223120930.web66.com.tw/web/SEC?Code=&sortType=J,口琴,音和樂器 PeaceTones Harmonica 口琴專賣店 口琴 維修 教學
28,簧格音樂有限公司,Harmonistory Music Co. Ltd.,單位,臺灣,臺灣,協辦/製作/青年音樂家,口琴/室內樂,協辦/活動來源,,,,,,,https://portaly.cc/harmonistory,口琴,簧格音樂 口琴
29,The Duet 獨特音樂,The Duet,單位,臺灣,臺灣,協辦/製作/跨界音樂,室內樂/跨界,協辦/活動來源,https://www.facebook.com/theduet.music/,https://www.instagram.com/theduet.music/,https://www.youtube.com/@TheDuetMusic,,,,https://theduet-music.com/,口琴,The Duet 獨特音樂 口琴
30,蔡明憲,Ming-Sian Cai,個人,臺灣,臺灣,天狼星/Laelaps/教學/硬體/演出,和弦/重奏,演出人員/教學者,https://www.facebook.com/dming.tsai/,https://www.instagram.com/damingtsai/,,,,,https://dming.co/,口琴,蔡明憲 口琴 DMing Studio
31,張晁滕,Chao-Teng Chang,個人,臺灣,臺灣,天狼星/Laelaps/教學/演出,重奏/教學,演出人員/教學者,https://www.facebook.com/chaotengchang/,https://www.instagram.com/chaotengchang/,https://www.youtube.com/@ChaotengChang,,,,https://chaotengchang.blogspot.com/2014/06/blog-post.html,口琴,張晁滕 口琴
32,陳彥銘,Yen-Ming Emery Chen,個人,臺灣,臺灣,天狼星/THMF/和弦口琴/推廣,和弦/重奏,演出人員/推廣者,https://www.facebook.com/emerychen.cm/,https://www.instagram.com/yenmingchen/,,,,,https://mx.nthu.edu.tw/~ymchen/sirius/CT.htm,口琴,陳彥銘 口琴 天狼星 THMF
33,黃冠誌,Kuan-Chih Huang,個人,臺灣,臺灣,天狼星/胖擊口琴樂團團長/和弦口琴/THMF 2026/WHF與SIHF重奏,和弦口琴/重奏,演出人員/教育者/重奏團長,,https://www.instagram.com/hk91f06/,https://www.youtube.com/@%E9%BB%83%E5%86%A0%E8%AA%8C,,,,https://harmonica.tw/course/kuanchih/,口琴,黃冠誌 口琴 胖擊 Punch THMF 2026 WHF SIHF 和弦
34,王衍華,Yen-Hua Wang,個人,臺灣,臺灣,天狼星/胖擊口琴樂團/半音階/THMF 2026/WHF與SIHF重奏,半音階口琴/重奏,演出人員/重奏團員,,https://www.instagram.com/yenhua_wang/,https://www.youtube.com/@keriw128,,https://www.threads.net/@yenhua_wang,,https://portaly.cc/yenhua_wang,口琴,王衍華 口琴 胖擊 Punch THMF 2026 WHF SIHF 半音階
35,陳奕翔,Yi-Hsiang Chen,個人,臺灣,臺灣/新竹,天狼星口琴樂團半音階口琴手/2008年加入天狼星/國北師芝山口琴社與成功大學口琴社教學/北師附小口琴社指導/亞太、全國與重奏賽獲獎/隨團參與世界與國際口琴節演出,半音階口琴/口琴重奏,演出人員/學校社團指導/天狼星口琴樂團成員,https://www.facebook.com/aria0831/,,,,,,https://mx.nthu.edu.tw/~ymchen/sirius/QQ.htm,口琴,陳奕翔 陳Q Yi-Hsiang Chen 天狼星口琴樂團 半音階 2008 APHF WHF 重奏 教學
36,莊筑迪,Judy Chuang,個人,臺灣,臺灣/臺北,茱蒂口琴樂團團長/國內外公開演出逾400場/2004亞太口琴節三項冠軍/2013世界口琴節三重奏冠軍/2003起擔任全國學生音樂比賽評審/2017世界口琴節評審與演出嘉賓,半音階口琴/複音口琴/十孔口琴/和弦口琴/口琴重奏,國際演出人員/教育者/賽事評審/樂團團長,https://www.facebook.com/chuti.chuang/,https://www.instagram.com/judygigo/,,,https://www.threads.net/@judygigo,,https://harmonica.tw/course/judy/,口琴,莊筑迪 Judy Chuang 茱蒂口琴樂團 Judy's Harmonica Ensemble APHF 2004 WHF 2013 冠軍 2017 評審
37,陳晟禕,Sheng-Yi Chen,個人,臺灣,臺灣/高雄,半音階口琴/狂響口琴樂團創團與團長/社區大學教學/編曲,半音階口琴,演出人員/教育者/編曲者,https://www.facebook.com/chen.cheng.yi.487430/,,,,,,https://kaohsiungmusichall.kcg.gov.tw/home02.aspx?AP=%245201_DATE-112%2F12%2F23%5E%245201_START-1900%5E%245201_END-2100&DATA=35177&EXEC=D&ID=%245201&IDK=2,,陳晟禕 口琴 狂響 狂響逗嘴鼓 高雄 社區大學 半音階 編曲
38,歐純伶,Chun-Ling Ou,個人,臺灣,臺灣/臺北,狂響口琴樂團成員與專職口琴教師/逾十年中小學及成人教育教學/2008全球華人HOHNER盃三重奏冠軍與SUZUKI盃複音獨奏冠軍/2012亞太口琴節複音獨奏與伴奏新秀雙冠/2016韓國口琴節與2023至2025臺灣口琴音樂大賽評審及演出,複音口琴/口琴重奏與合奏,演出人員/專職教育者/賽事評審/狂響口琴樂團成員,https://www.facebook.com/oulingou/,,,,,,https://oulingou.pixnet.net/blog,口琴,歐純伶 Chun-Ling Ou 狂響口琴樂團 複音 HOHNER SUZUKI APHF 雙料冠軍 韓國口琴節 THMF 評審 教學
39,林士傑,Shih-Chieh Lin,個人,臺灣,臺灣/臺北,1995年起投入口琴/狂響口琴樂團與口琴愛樂集成員/1999至2001臺灣口琴節半音階獨奏與重奏獲獎/2000與2010亞太口琴節重奏及大合奏獲獎/古典、探戈與臺灣經典曲目演出/口琴收藏,半音階口琴/口琴重奏與合奏,資深演出人員/樂團成員/口琴收藏家,https://www.facebook.com/lin.shi.jie.661489,https://www.instagram.com/musette585/,,,https://www.threads.net/@musette585,,https://www.jazz9.tw/2025/05/music-20260516p.html,口琴,林士傑 Shih-Chieh Lin 半音階 狂響口琴樂團 口琴愛樂集 1999 2000 2001 2010 APHF 探戈 口琴收藏
40,陳鴻儀,Henry Chen,個人,臺灣,臺灣/基隆/宜蘭,複音口琴演奏與編曲/多次全國學生音樂比賽與亞太口琴節評審/曾任基隆市口琴協會理事長/東光國中、仁愛國小、樂齡中心與社區大學口琴教學/《複音口琴教本》編著,複音口琴/十孔口琴/半音階口琴/口琴重奏與合奏,演出人員/評審/教育者/教材作者/協會前理事長,,,https://www.youtube.com/@HenrysHarmonica,,,,https://kcu.twcu.org.tw/course/m_course_detail.php?u=f5fbc46e1198f1d957519223b6068dc8,口琴,陳鴻儀 Henry Chen 就是吹口琴 複音口琴 教本 編曲 基隆 社區大學 東光國中 亞太口琴節 評審
41,邱榮東,Rong-Dong Chiu,個人,臺灣,臺灣/臺北/新北/基隆,十孔口琴演奏與一對一教學/1999、2001、2003臺灣口琴節十孔組冠軍/2000臺灣口琴節十孔組亞軍/藍調、鄉村、愛爾蘭、爵士與流行曲風/2017世界口琴節參賽觀摩,十孔口琴/藍調口琴,演出人員/教育者/臺灣口琴節得獎者,,,https://www.youtube.com/@refresh871,,,,https://bonbonmusic.com/course/view_course/115,口琴,邱榮東 Rong-Dong Chiu 老頭 十孔口琴 藍調 台灣口琴節 冠軍 1999 2001 2003 WHF 2017 教學
42,王心禾,Hsin-Ho Wang,個人,臺灣,臺灣,胖擊口琴樂團/半音階/THMF 2026/WHF與SIHF重奏,半音階口琴/重奏,演出人員/重奏團員,,https://www.instagram.com/harmonica_wang/,,,https://www.threads.net/@harmonica_wang,,https://www.taiwanharmonica.com/punch,,王心禾 口琴 胖擊 Punch THMF 2026 WHF SIHF 半音階
43,林裕豐,Yu-Feng Lin,個人,臺灣,臺灣,胖擊口琴樂團/半音階/THMF 2026/WHF與SIHF重奏/教學,半音階口琴/重奏,演出人員/教育者/重奏團員,,https://www.instagram.com/yf__life/,https://www.youtube.com/@YFHarmonica,,,,https://harmonica.tw/course/yufeng/,口琴,林裕豐 口琴 胖擊 Punch THMF 2026 WHF SIHF 半音階 教學
44,陳聰,Tsung Chen,個人,臺灣,臺灣,倍低音口琴/胖擊口琴樂團/THMF 2026/WHF與SIHF重奏,倍低音口琴,演出人員/重奏團員,https://www.facebook.com/chen.cong.199678/,,,,,,https://www.taiwanharmonica.com/punch,,陳聰 口琴 倍低音 胖擊 Punch Harmonica THMF 2026 WHF SIHF
45,吳采容,Wu Tsai Rung,個人,臺灣,臺灣,半音階與複音口琴/2019 SIHF Seoul Major Prize/青年演奏與國際賽事,半音階口琴/複音口琴,演出人員/國際賽事得獎者,,https://www.instagram.com/aurora._.harmonica/,,,,,https://laelapsharmonica.com/zh/laelaps-club/wu-tsai-rung/,口琴,吳采容 Wu Tsai Rung chromatic tremolo harmonica SIHF 2019 Seoul Major Prize
46,廖苡晴,Alysa Liao,個人,臺灣,臺灣,半音階獨奏／111 Duo／111 Trio／111 Quintet／國際比賽,半音階,演出人員,,https://www.instagram.com/__yich___/,https://www.youtube.com/@alysaliao,,https://www.threads.net/@__yich___,,https://laelapsharmonica.com/zh/laelaps-club/alysa-liao/,口琴,廖苡晴 Alysa Liao 111 Duo 111 Trio 111 Quintet 世界口琴節 口琴
47,陳柏宏,Po-Hung Chen,個人,臺灣,臺灣/臺中,複音與半音階口琴/2024 SIHF複音獨奏青少年組冠軍/2023 THMF複音獨奏公開組冠軍/博凱愛樂演出,複音口琴/半音階口琴,演出人員/臺中市街頭藝人/國際賽事得獎者,,https://www.instagram.com/chen._.166/,https://www.youtube.com/channel/UC6XjefSoJNiEjSni3vZ-wsA,,,,https://buskers.taichung.gov.tw/index.php?inter=busker_intro&page=154&kind_1=1&id=A1140404,口琴,陳柏宏 Po Hung Chen SIHF 2024 THMF 2023 博凱愛樂 臺中街頭藝人 A1140404
48,吳詠隆,"WU,Yung-Lung",個人,臺灣,臺灣,班多鈕/跨界合作,班多鈕,合作音樂家,https://www.facebook.com/markwu.bandoneon/,,https://www.youtube.com/@markbandoneon,,,,https://wuyunglungbn.weebly.com/,口琴,吳詠隆 班多鈕 口琴
49,Aiden N Evelyn / Aiden Soon & Evelyn Choong,Aiden N Evelyn,團體,馬來西亞,馬來西亞,二重奏/影片/THMF/SIHF 2026,半音階/重奏,國際演出團體/二重奏,https://www.facebook.com/AidenNEvelyn/,https://www.instagram.com/aidennevelyn/,https://www.youtube.com/c/aidennevelyn,,,,https://linktr.ee/aidennevelyn,,Aiden N Evelyn Aiden Soon Evelyn Choong harmonica SIHF 2026
50,Aiden Soon,Aiden Soon,個人,馬來西亞,馬來西亞,世界口琴冠軍/演出/教學/個人帳號,半音階/口琴,國際演出人員/教育者,,https://www.instagram.com/aidensoon/,,,,,,,Aiden Soon aidensoon World Harmonica Champion Aiden N Evelyn harmonica
51,唐雪婷 Sharene Tang,Sharene Tang,個人,馬來西亞,馬來西亞,世界口琴冠軍/演出/教學/國際郵輪演出,半音階/口琴,國際演出人員/教育者,https://www.facebook.com/sharenetang.fresco/,https://www.instagram.com/sharene.harmonica/,https://www.youtube.com/@Shareneharmonicamusic,,,,,,唐雪婷 Sharene Tang sharene.harmonica World Harmonica Champion Fresco harmonica
52,Fourtissimo Harmonica Ensemble,Fourtissimo Harmonica Ensemble,團體,馬來西亞,馬來西亞,青少年口琴重奏/演出/交流,口琴重奏/合奏,國際演出團體/青年團體,,https://www.instagram.com/fourtissimo_harmonica_ensemble/,,,,,,,Fourtissimo Harmonica Ensemble fourtissimo_harmonica_ensemble four teenagers harmonica Malaysia
53,Leafin Harmonica Ensemble,Leafin Harmonica Ensemble,團體,馬來西亞,馬來西亞,青年口琴重奏/大學與社區舞台/2025世界口琴節成人三重奏第七名（優秀評等）/2026亞太口琴節兩金一銀,口琴三重奏/口琴合奏,國際演出團體/青年團體,https://www.facebook.com/61573180934784/,https://www.instagram.com/_leafin_harmonicaensemble/,,,,,https://worldharmonicafestival.de/wp-content/uploads/2025/11/whf-2025_final-results.pdf,,Leafin Harmonica Ensemble Malaysia harmonica youth trio WHF 2025 seventh outstanding APHF 2026 two gold one silver
54,CY Leo 何卓彥,CY Leo,個人,香港,香港,古典與爵士半音階/2009、2013 WHF獨奏世界冠軍/作曲與創作歌手/國際管弦樂協演/電影、流行與遊戲錄音/口琴教材,半音階口琴,國際演出人員/作曲家與創作歌手/評審/Music Lab聯合藝術總監,https://www.facebook.com/Cyleoharmonica/,https://www.instagram.com/cy_leo/,https://www.youtube.com/@cyleoharmonica,,,,https://www.cyleomusic.io/profile,,CY Leo 何卓彥 harmonica WHF 2009 2013 classical jazz composer Ginger Muse Music Lab
55,梁承熹 Kelvin Leung,Kelvin Leung,個人,香港,香港,英皇書院口琴隊出身/2012亞太口琴節六重奏冠軍/2013世界口琴節半音階獨奏與大合奏冠軍及團體季軍/2014亞太口琴節半音階公開組冠軍/2010上海世博與國際音樂節演出/2016首爾國際口琴節及亞太口琴節評審/香港青少年口琴教育,半音階口琴/口琴六重奏與大合奏,國際演出人員/教育者/國際賽事評審/世界與亞太冠軍,https://www.facebook.com/kelvinleungsh/,https://www.instagram.com/sorhei/,https://www.youtube.com/@KelvinLeungharmonica,,,,https://harmonica-kelvin.weebly.com/biography.html,,梁承熹 Kelvin Leung Shing Hei King's College WHF 2013 chromatic champion APHF 2012 2014 SIHF 2016 judge Hong Kong
56,蔡偉鏗 Harry Choi,Harry Choi,個人,香港,香港,半音階獨奏/2009 WHF成人組冠軍/2012 APHF與2013 WHF二重奏冠軍/Duo Volce與RedBricks共同創辦/兒童教學,半音階口琴,國際演出人員/口琴教師/APHF與SIHF評審/樂團共同創辦人,,,,,,,https://www.duovolce.com/harry-choi,,蔡偉鏗 Harry Choi harmonica WHF APHF SIHF Duo Volce RedBricks teacher
57,山下伶 Rei Yamashita,Rei Yamashita,個人,日本,日本/東京/橫濱,專業半音階口琴演奏與教學/師承德永延生/2014第34屆FIH JAPAN口琴大賽總冠軍/2016《Beautiful Breath》主流唱片出道/《Dear Darling》獲JAZZ JAPAN AWARD 2018製作企劃獎/2018與2019首爾國際口琴節評審及嘉賓/2025大阪關西世博演出,半音階口琴/爵士口琴,國際演出人員/教育者/錄音藝術家/國際賽事評審,https://www.facebook.com/rei.yamashita.5,https://www.instagram.com/rei_harmonica/,https://www.youtube.com/@reiyamashita,https://x.com/rei_harmonica,,,https://www.rei-yamashita.com/profile/,,山下伶 Rei Yamashita chromatic harmonica FIH JAPAN Grand Prix Beautiful Breath Dear Darling JAZZ JAPAN AWARD SIHF Osaka Expo 2025
58,南里沙,Minami Risa,個人,日本,日本,半音階/專輯/YouTube直播/THMF交流/2026 琴韻東坡・簧鳴西南,半音階,國際演出人員,https://www.facebook.com/minamirisa/,https://www.instagram.com/minami_risa/,https://www.youtube.com/@minamirisa,https://x.com/minami_risa,,https://www.tiktok.com/@minami_risa,https://minamirisa.com/,,南里沙 Minami Risa Risa MINAMI harmonica クロマチックハーモニカ 琴韻東坡 簧鳴西南 2026
59,千賀太郎,Taro Senga,個人,日本,日本/東京,兩歲開始吹口琴/與父親組成Blind Lemon Brothers/美式藍調融合東方細膩音色/MONSTER TAI-RIKU與NONMALT/FUJI ROCK、SUMMER SONIC等音樂節/2025臺灣口琴音樂節,十孔口琴/藍調口琴/歌唱,國際演出人員/藍調口琴家/樂團成員,,https://www.instagram.com/taro_senga/,,,,,https://www.taiwanharmonica.com/taro,,千賀太郎 Taro Senga harmonica Blind Lemon Brothers MONSTER TAI-RIKU NONMALT FUJI ROCK SUMMER SONIC THMF 2025
60,藤井俊充,Toshi Fujii,個人,日本,日本/臺灣爵士圈,伯克利音樂學院爵士鼓與貝斯主修/作曲編曲/絲竹空樂團與Afternoon Tree/《海角七號》《大佛普拉斯》口琴錄音/2017爵士口琴專輯《Blue Bear》金音獎三項入圍/2025臺灣口琴音樂節,爵士口琴/十孔口琴/電貝斯/爵士鼓,國際演出人員/作曲與編曲者/多樂器演奏家/製作人,https://www.facebook.com/100091746706247/,https://www.instagram.com/toshimiller/,https://www.youtube.com/channel/UCZVWAgM6XSEbPi_x5H1ZoHw,,,,https://www.sizhukong.com/en/%E8%97%A4%E4%BA%95%E4%BF%8A%E5%85%85-toshi-fujii,,藤井俊充 Toshi Fujii harmonica Sizhukong Afternoon Tree Blue Bear Golden Indie Music Awards Cape No. 7 Great Buddha Plus THMF 2025
61,TOMBO ハーモニカ・ソサイエティ,TOMBO Harmonica Society Directory,資訊入口,日本,日本,大學ハーモニカ・ソサイエティ名單/學生社團版圖,口琴合奏/ハモソ,國際資訊來源,,,,,,,https://www.tombo-m.co.jp/hmc/genre/harmso.html,,TOMBO ハーモニカ ソサイエティ 大學 ハモソ 學生社團 日本 口琴
62,全日本ハーモニカ連盟 AJHF,All Japan Harmonica Federation,協會/資訊入口,日本,日本/全國,日本全國口琴組織聯絡平台/串連北海道、東北、關東、中部、關西、中國、四國與九州地區聯盟/協辦各地口琴活動與音樂會/表揚ハーモニカ賞及推動口琴普及發展,複音口琴/半音階口琴/十孔口琴/口琴重奏與合奏,日本全國口琴協會/區域聯盟協調與活動資訊來源,https://www.facebook.com/AllJapanHarmonicaFederation/,,,,,,https://japanharmonica.wixsite.com/ajhf,,全日本ハーモニカ連盟 AJHF All Japan Harmonica Federation 北海道 東北 関東 中部 関西 中国 四国 九州 ハーモニカ賞 活動 音樂會 普及
63,F.I.H. JAPAN ハーモニカコンテスト,F.I.H. JAPAN Harmonica Contest,比賽/資訊入口,日本,日本,日本口琴比賽/半音階/複音/duo trio,半音階/複音/重奏,國際比賽來源,https://www.facebook.com/moridaira,https://www.instagram.com/moridaira_mi/,https://www.youtube.com/user/Moridaira01,https://x.com/moridaira_mi,,,https://moridaira.jp/event/20260530-01/,,F.I.H. JAPAN ハーモニカコンテスト Moridaira 半音階 複音 duo trio 口琴比賽
64,日本ハーモニカ芸術協会 JHAA,Japan Harmonica Art Association,協會/資訊入口,日本,日本,複音口琴/日本式奏法/研修/比賽,複音口琴,國際協會/資訊來源,,,,,,,https://jhaa.info/about.html,,日本ハーモニカ芸術協会 JHAA 複音口琴 日本式奏法 口琴協會
65,Jong-seong Park 朴鍾聲,Jong-seong Park,個人,韓國,韓國/首爾,半音階與複音獨奏/2002 APHF金牌/2008 APHF三冠/WHF複音冠軍與爵士半音階亞軍/古典管弦樂協演/專輯與協奏曲首演,半音階口琴/複音口琴,國際演出人員/HOHNER古典藝人/編曲者與管弦樂企劃主持,https://www.facebook.com/harmonicapark/,https://www.instagram.com/jongseongpark_harmonicist/,https://www.youtube.com/c/jongseongpark,,,,https://www.mnac.co.kr/jongseongpark,,Jong-seong Park 朴鍾聲 harmonica APHF WHF HOHNER classical orchestra Harmonica Memorial
66,Younghoon Cho,Younghoon Cho,個人,韓國,韓國,鋼琴伴奏/朴鍾聲合作,鋼琴,合作音樂家,https://www.facebook.com/hoontobe/,https://www.instagram.com/hoontobe_piano/,https://www.youtube.com/c/hoontobe,,,,https://linktr.ee/hoontobe,,Younghoon Cho Jong-seong Park
67,Marcos Coll,Marcos Coll,個人,西班牙,西班牙/德國/國際,13歲開始演奏口琴/西班牙與歐洲藍調代表人物/Los Reyes del K.O.與Tonky Blues Band/曾與Mick Taylor、Buddy Miles等巡演錄音/融合藍調、拉丁、嘻哈與西班牙音樂/2009與2013世界口琴節演出、工作坊及評審/2025與2026首爾國際口琴節,十孔口琴/藍調口琴/半音階口琴,國際演出人員/錄音藝術家/國際音樂節評審與講師/HOHNER藝術家,https://www.facebook.com/marcoscollharp/,https://www.instagram.com/marcoscollgonzalez/,https://www.youtube.com/@MarcosCollharpandsoul,,,,https://marcoscoll.com/,,Marcos Coll harmonica Spain Galicia Berlin Los Reyes del KO Tonky Blues Band Mick Taylor Buddy Miles HOHNER WHF 2009 2013 SIHF 2025 2026 blues Latin hip hop
68,Gordon Lee 李俊樂,Gordon Lee,個人,香港,香港,半音階/THMC嘉賓/評審/2026 琴韻東坡・簧鳴西南工作坊,半音階,國際演出人員/評審/講師,https://www.facebook.com/gordonleeharmonicist/,https://www.instagram.com/gordonleeharmonica/,https://www.youtube.com/Harmonicagor,,,,https://www.hkco.org/tc/Other-Members/Gordon-Lee.html,,Gordon Lee 李俊樂 harmonica 琴韻東坡 簧鳴西南 2026 工作坊
69,Dror Adler / Adler Trio,Dror Adler / Adler Trio,團體/個人,以色列,以色列,1963年成立的以色列口琴三重奏/Dror Adler創團並演奏和弦口琴/半音階、和弦與低音口琴編制/古典、流行、爵士、民族與世界音樂/與Judy’s合作,和弦口琴/半音階口琴/低音口琴/口琴三重奏,國際演出人員/歷史口琴三重奏/創團成員,https://www.facebook.com/dror.adler.7/,,https://www.youtube.com/@Dror-adler,,,,https://adlertrio.com/,,Dror Adler Adler Trio Israel harmonica chord chromatic bass trio founded 1963 Judy's
70,Fata Morgana 口琴四重奏,Fata Morgana,團體,荷蘭,荷蘭/埃因霍溫/國際,1980年成立的荷蘭口琴四重奏/歐洲、美國與亞洲逾400場演出/五度參與國際口琴節競賽並三度奪團體冠軍/自編曲與自有擴音系統/發行多張專輯/與天狼星口琴樂團合作交流,半音階口琴/和弦口琴/低音口琴/Harmonetta/口琴四重奏,國際演出團體/編曲與錄音團隊/世界口琴節冠軍團體,https://www.facebook.com/fatamorganamusic/,,https://www.youtube.com/@fatamorganamusic,,,,https://fatamorganamusic.nl/over-ons/,,Fata Morgana harmonica quartet Netherlands Eindhoven 1980 400 concerts world champion chromatic chord bass harmonetta WHF Sirius
71,台大藍聲口琴社,NTU Blue Sound Harmonica Club,學校社團,臺灣,臺灣/臺北,大學口琴社/初學教學與社課/獨奏重奏合奏/成果發表/114學年度全國學生音樂比賽大專團體組特優,半音階口琴/複音口琴/口琴重奏與合奏,大學學生社團/演出與人才培育,https://www.facebook.com/ntubluesound/,https://www.instagram.com/ntubluesound/,https://www.youtube.com/@ntubluesound,,,,https://osa.ntu.edu.tw/,,台大藍聲口琴社 NTU Blue Sound Harmonica Club 全國學生音樂比賽 114學年度 大專團體組 特優
72,雲林縣二崙國中藝才班口琴隊,Erlun Junior High School Harmonica Team,學校/青年,臺灣,臺灣/雲林/二崙,國中音樂藝術才能班口琴隊/口琴四重奏與合奏培訓/110學年度全國賽口琴合奏特優/111與112學年度全國賽口琴合奏及四重奏第一名特優/113與114學年度全國賽持續獲特優,半音階口琴/低音口琴/和弦口琴/口琴四重奏與合奏,國中音樂藝術才能班/青少年口琴教育/全國學生音樂比賽特優團隊,https://www.facebook.com/61550868336289/,,,,,,https://eljh.ylc.edu.tw/News_Photo_Content.aspx?n=55064&s=22381,,二崙國中 藝才班 音樂藝術才能班 口琴隊 口琴合奏 四重奏 全國學生音樂比賽 110 111 112 113 114 特優 第一名 蔡明憲 雲林
73,萬興國小口琴隊,Wanxing Elementary School Harmonica Team,學校/青年,臺灣,臺灣/臺北/文山,臺北市文山區國小口琴隊/半音階獨奏、二重奏、三重奏與小合奏培訓/2026臺灣口琴音樂節多項名次與獎項/家長後援會支持,半音階口琴/口琴重奏/口琴合奏,學校團隊/青少年口琴教育,https://www.facebook.com/61574004532712/,,,,,,https://www.doe.gov.taipei/News_Content.aspx?n=B3DDF0458F0FFC11&s=B1F9DACC1D1B2A0D&sms=72544237BBE4C5F6,,臺北 文山 萬興國小口琴隊 Wanxing Elementary School Harmonica Team THMF 2026 半音階 二重奏 三重奏 小合奏
74,OPENTIX 口琴售票搜尋,OPENTIX Harmonica Search,售票平台,臺灣,臺灣,正式售票演出/講座,口琴,售票資訊來源,https://www.facebook.com/OPENTIXNTCH/,,,,,,https://www.opentix.life/search/%E5%8F%A3%E7%90%B4/DEFAULT?type,口琴,OPENTIX 口琴 售票
75,新竹市文化局,Cultural Affairs Bureau of Hsinchu City,場館/文化局,臺灣,臺灣/新竹,場館/文化活動,口琴/藝文,場館資訊來源,https://www.facebook.com/culture.hccg/,,https://www.youtube.com/channel/UC9ts62VuB0WSSVDQW_h3H_g,,,,https://culture.hccg.gov.tw/,,新竹市文化局 口琴
76,新竹縣文化局,Cultural Affairs Bureau of Hsinchu County,場館/文化局,臺灣,臺灣/新竹,場館/文化活動,口琴/藝文,場館資訊來源,https://www.facebook.com/hchcc.gov/,https://www.instagram.com/hsinchucounty_culture/,https://www.youtube.com/channel/UCQRgyE_3lyMvt7eWHRzBtzg,,,,https://www.hchcc.gov.tw/,,新竹縣文化局 口琴
77,國立陽明交通大學藝文中心,NYCU Arts Center,校內場館/藝文中心,臺灣,臺灣/新竹,校內藝文/合作演出,藝文活動,場館資訊來源,https://www.facebook.com/NYCUArtsCenter/,https://www.instagram.com/nycu_artscenter/,https://www.youtube.com/@%E9%99%BD%E6%98%8E%E4%BA%A4%E5%A4%A7%E8%97%9D%E6%96%87%E4%B8%AD%E5%BF%83-k8f,,https://www.threads.net/@nycu_artscenter,,https://arts.nycu.edu.tw/,,陽明交通大學 藝文中心 口琴
78,衛武營國家藝術文化中心,National Kaohsiung Center for the Arts (Weiwuying),場館,臺灣,臺灣/高雄,大型演出場館,藝文活動,場館資訊來源,https://www.facebook.com/weiwuyingcenterforthearts/,https://www.instagram.com/weiwuying_centerforthearts/,https://www.youtube.com/@weiwuyingfilm,,https://www.threads.net/@weiwuying_centerforthearts,,https://www.npac-weiwuying.org/,,衛武營 口琴
79,國家兩廳院,National Theater and Concert Hall,場館,臺灣,臺灣/臺北,大型演出場館,藝文活動,場館資訊來源,https://www.facebook.com/ntch.tw/,https://www.instagram.com/ntch.taipei/,https://www.youtube.com/user/ntcharts,,https://www.threads.net/@ntch.taipei,,https://npac-ntch.org/zh,,國家兩廳院 口琴
80,臺中國家歌劇院,National Taichung Theater,場館,臺灣,臺灣/臺中,大型演出場館,藝文活動,場館資訊來源,https://www.facebook.com/npac.ntt/,https://www.instagram.com/nationaltaichungtheater/,https://www.youtube.com/channel/UCtL1EUKe_x0W6tahEcEPGMQ,,https://www.threads.net/@nationaltaichungtheater,,https://www.npac-ntt.org/index,,臺中國家歌劇院 口琴
81,雙燕樂器,"Musix Co., Ltd.",樂器行/單位,臺灣,臺灣,口琴器材/活動資訊,口琴,器材來源,https://www.facebook.com/MusixKHS/,,https://www.youtube.com/@KHS_musix,,,,https://www.musix.com.tw/,,雙燕樂器 口琴
82,東和樂器,"Tongho Musical Instrument Co., Ltd. / music4fun",樂器行/單位,臺灣,臺灣,口琴器材/活動資訊,口琴,器材來源,https://www.facebook.com/music4fun.com.tw/,https://www.instagram.com/music4fun.com.tw/,https://www.youtube.com/channel/UCj6k37VazQzRldrBRfFDFJw,,,,https://www.music4fun.com.tw/h/Index?key=ssa79,,東和樂器 口琴
83,Golden Bird Harmonica,Golden Bird Harmonica,品牌/單位,臺灣,臺灣/國際,口琴器材/活動資訊/THMF贊助,口琴,器材品牌,,,,,,,https://www.taiwanharmonica.com/,,Golden Bird Harmonica THMF sponsor
84,From Harmonica to Music,From Harmonica to Music,活動/演出企劃,臺灣,臺灣/臺北,半音階口琴沙龍音樂會/新秀介紹,半音階口琴,活動資訊來源,https://www.facebook.com/fromharmonicatomusic/,,,,,,https://www.accupass.com/event/2310160441452046939021,,From Harmonica to Music 口琴 半音階 沙龍音樂會
85,黃石樂器,Yellowstone Music Shop,樂器行/教學工作室,臺灣,臺灣,口琴專賣/教學/講座/課程,口琴,教學/活動/器材來源,https://www.facebook.com/yellowstone.music.shop.tw/,https://www.instagram.com/yellowstone_music_shop/,https://www.youtube.com/@yellowstone_musicshop,,https://www.threads.net/@yellowstone_music_shop,,https://harmonica.tw/,,黃石樂器 Yellowstone Music Shop 口琴 專賣 教學
86,吹出好心琴 + Ou Frog,Ou Frog,教學/影片來源,臺灣,臺灣,口琴教學影片/示範,口琴,教學影片來源,,,https://www.youtube.com/@oufrog,,,,https://ta.twcc.org.tw/front/course_detail.php?id=650d2e81c9d66a097e94c986d49f6ab7,,吹出好心琴 Ou Frog 口琴 教學 YouTube
87,桃園玩口琴,Taoyuan Harmonica Community,地方教學/社大課程,臺灣,臺灣/桃園,口琴課程/地方社群活動,口琴,教學/課程來源,https://www.facebook.com/p/%E6%A1%83%E5%9C%92%E7%8E%A9%E5%8F%A3%E7%90%B4-100057424090624/,,,,,,,,桃園玩口琴 桃園 口琴 課程 社大
88,藍波口琴教室,Bluebo Harmonica,教學工作室,臺灣,臺灣,口琴教學/課程/學習資源,口琴,教學/課程來源,https://www.facebook.com/happyharmonica/,,https://www.youtube.com/@lamberharmonica,,,,https://www.blueboclass.com/,,藍波口琴教室 藍波口琴網 口琴 教學
89,巴巴口琴坊,Baba Harmonica Studio,教學工作室,臺灣,臺灣/臺南,口琴教學/演出/社團經營,口琴,教學/活動來源,https://www.facebook.com/babaharmonica/,https://www.instagram.com/baba_harmonica_studio/,https://www.youtube.com/@yoyo708520,,,,,,巴巴口琴坊 Baba Harmonica Studio 臺南 口琴 教學 演出
90,An Afternoon with Harmonica,An Afternoon with Harmonica,國際交流活動,臺灣,國際/臺灣交流,口琴沙龍/國際交流/臺灣演奏者相關活動,口琴,國際交流活動,https://www.facebook.com/AnAfternoonwithHarmonica/,https://www.instagram.com/anafternoonwithharmonica/,,,,,,,An Afternoon with Harmonica 口琴 臺灣 國際交流
91,臺北黃石口琴樂團,Taipei Yellowstone Harmonica Ensemble,團體,臺灣,臺灣/臺北,成立逾34年/年度公演/偏鄉與弱勢公益推廣/盧鴻麟指導,口琴重奏/口琴合奏,演出團體/公益與地方推廣,https://www.facebook.com/TaipeiYellowstoneHarmonicaEnsemble/,,,,,,,臺北黃石口琴樂團,臺北黃石口琴樂團 Taipei Yellowstone Harmonica Ensemble 盧鴻麟 年度公演 公益 偏鄉
92,狂響逗嘴鼓口琴樂坊,Rhapsody Harmonica & Drum Studio,教學工作室,臺灣,臺灣/高雄,口琴/手鼓教學/工作室/講座,口琴/手鼓,教學/工作坊/活動來源,https://www.facebook.com/HarmonicaDrumRhapsody/,,,,,,https://art-garden.khcc.gov.tw/introduction/team/7677,,狂響逗嘴鼓口琴樂坊 高雄 口琴 手鼓 教學 工作室
93,RedBricks Harmonica,RedBricks Harmonica,國際團體/參考來源,香港,香港/國際,五位英皇書院口琴手組成/和弦、低音與半音階口琴重奏/古典、流行、民謠及電影音樂/2025世界口琴節三重奏冠軍與小組合奏季軍/臺港交流/SIHF 2026,半音階口琴/低音口琴/和弦口琴/口琴重奏,世界冠軍口琴團體/國際演出團體,https://www.facebook.com/redbricksharmonica/,https://www.instagram.com/redbricksharmonica/,https://www.youtube.com/@RedBricksHarmonica,,,,https://www.hkpm.org.hk/sc/event/bank-of-china-hong-kong-presents-hkpm-showtime-a-redbricks-harmonica-journey-by-redbricks,,RedBricks Harmonica 香港口琴五重奏 英皇書院 世界口琴節 WHF 2025 trio champion ensemble SIHF 2026
94,Duo Volce Music Studio 誼聲音樂室,Duo Volce Music Studio,工作室/團體,香港,香港/國際,蔡偉鏗與周曉彤於2014年正式成立的半音階口琴及小提琴二重奏/古典、電影配樂與探戈/第11屆亞太口琴節原創組冠軍/香港青少年藝術節青年藝術家獎/社區藝術推廣與口琴教學,半音階口琴/小提琴/鋼琴合作,國際演出二重奏/口琴教育工作室/亞太口琴節冠軍團體,https://www.facebook.com/DuoVolce/,https://www.instagram.com/DuoVolce/,https://www.youtube.com/c/DuoVolce,https://x.com/duovolce,,,https://www.duovolce.com/,,Duo Volce Music Studio 誼聲音樂室 Harry Choi 蔡偉鏗 Kiann Chow 周曉彤 chromatic harmonica violin 2014 APHF original champion Youth Arts Festival Hong Kong
95,韋笙堡口琴 Weissenberg Harmonicas,Weissenberg Harmonicas,品牌/樂器商,臺灣,臺灣/臺中/后里,源自1979年臺灣凱音樂器團隊/1989年創立WEISSENBERG品牌/臺灣研發與製造專業口琴/半音階、複音、十孔、低音與和弦口琴產品/碳纖維簧片及金屬吹嘴技術/演奏家合作與產品資訊,半音階口琴/複音口琴/十孔口琴/低音口琴/和弦口琴,臺灣口琴與管樂器品牌/器材製造與產品資訊來源,https://www.facebook.com/Weissenberg.Harmonicas/,https://www.instagram.com/weissenbergtw/,https://www.youtube.com/weissenberg1979,,,,https://www.weissenbergwind.com/tw/product_list.php?type=4,口琴,韋笙堡 Weissenberg Harmonicas 口琴 臺灣 Made in Taiwan 1979 1989 后里 半音階 複音 十孔 低音 和弦 碳纖維簧片 金屬吹嘴
96,高雄市口琴協會,Kaohsiung City Harmonica Association,團體/協會,臺灣,臺灣/高雄,兒童口琴樂團/地方推廣/口琴教育,口琴,地方推廣團體,https://www.facebook.com/%E9%AB%98%E9%9B%84%E5%B8%82%E5%8F%A3%E7%90%B4%E5%8D%94%E6%9C%83-425623100793432/,,,,,,https://art-garden.khcc.gov.tw/introduction/team/16121,口琴,高雄市兒童口琴樂團 高雄市口琴協會 劉志明 口琴 高雄
97,進擊的口琴樂團,Attack on Harmonica Ensemble,團體,臺灣,臺灣,重奏/青年團體/演出/THMF 2026小合奏公開組並列亞軍,口琴重奏/小合奏,演出團體,,https://www.instagram.com/attack_on_harmonica_ensemble/,,,https://www.threads.net/@attack_on_harmonica_ensemble,,,口琴,進擊的口琴樂團 Attack on Harmonica THMF 2026 小合奏 公開組 亞軍
98,蔡明憲 DMing Studio,DMing Studio,教學/維修/影片來源,臺灣,臺灣,口琴教學/維修/重奏/硬體/THMF 2026大合奏公開組第六名,半音階/複音/Bass/Chord,教學/維修來源/演出團體,,https://www.instagram.com/dmingstudio/,https://www.youtube.com/@DMingStudio,,,,https://dming.co/,,DMing Studio 大明 口琴 教學 維修 蔡明憲 天狼星 Laelaps THMF 2026 大合奏 第六名
99,范曉怡,Hsiao-Yi Fan,個人,臺灣,臺灣,狂響口琴樂團/教學/地方推廣,低音口琴/口琴,演出人員/教學者,https://www.facebook.com/fanhsiaoyi/,https://www.instagram.com/fanhsiaoyi/,,,https://www.threads.net/@fanhsiaoyi,,,,范曉怡 fanhsiaoyi 口琴 狂響
100,曹小歐,Otis Tsao,個人,臺灣,臺灣,單口喜劇/藍調口琴/演出,十孔/藍調口琴,演出人員,https://www.facebook.com/otis5hundredtsao/,https://www.instagram.com/otistsao/,https://www.youtube.com/channel/UCBDaFdgRnTui_IqtG9E4bmw,,https://www.threads.net/@otistsao,,https://portaly.cc/otistsao,,曹小歐 Otis Tsao 口琴 單口喜劇 藍調口琴
101,何家健 HarmoniKahkean,Ho Kah Kean / HarmoniKahkean,個人/地方推廣,馬來西亞,臺灣/花蓮；馬來西亞,口琴演奏/花蓮地方推廣/Podcast/國際交流,口琴/重奏,演出人員/地方推廣者,https://www.facebook.com/harmonikahkean/,https://www.instagram.com/kahkeanho/,https://www.youtube.com/@hokahkean1999,,,,https://linktr.ee/harmonikahkean,,何家健 HarmoniKahkean Ho Kah Kean 花蓮 口琴 Dadaya
102,口袋琴房 Pocket Harmonic,Pocket Harmonic,教學/影片來源,臺灣,臺灣,口琴知識、發展史與樂器介紹/半音階、十孔與複音口琴演奏技巧/入門與進階視訊課程/器材開箱、保養與比較/編曲及流行曲演奏內容,半音階口琴/十孔口琴/複音口琴,口琴教育影音頻道/線上課程與器材資訊來源,https://www.facebook.com/PocketHarmonic/,https://www.instagram.com/pocketharmonic/,https://www.youtube.com/@PocketHarmonic,,https://www.threads.net/@pocketharmonic,,https://lit.link/en/pocketharmonic,,口袋琴房 Pocket Harmonic 房客聖崴 口琴 教學 開箱 發展史 演奏技巧 視訊課程 器材 保養 編曲
103,陳瑤容 Yora Chen,Yora Chen,個人,臺灣,臺灣,鋼琴合作/編曲創作/口琴合作,鋼琴/編曲/口琴合作,合作音樂家/編曲者,https://www.facebook.com/aike9115,https://www.instagram.com/_yora._/,https://www.youtube.com/@iamxyora,,https://www.threads.net/@_yora._,,https://portaly.cc/YoraChen,,Yora Chen 陳瑤容 陳瑶容 口琴 編曲 鋼琴合作 111 Quintet
104,Timothy Yip 葉進禧,Timothy Yip,個人,香港,香港,半音階/國際比賽/演出/RedBricks,半音階,國際演出人員,https://www.facebook.com/profile.php?id=100085232439912,https://www.instagram.com/timothyyip_harmonica/,https://www.youtube.com/channel/UCVOaFKVaeBAkb5ZGfVF7nWw,,,,https://www.timothyyipharmonica.com/,,Timothy Yip 葉進禧 harmonica chromatic harmonicist RedBricks
105,Stay Drunk 口琴樂團,Stay Drunk Harmonica Ensemble,團體,臺灣,臺灣,大學生新生代團體,口琴重奏,演出團體,,https://www.instagram.com/staydrunk_h.e/,https://www.youtube.com/channel/UCt3IFDFOQpndqM8j5CheSDA,,,,,,Stay Drunk Stay Drunk H.E. Stay Drunk Harmonica Ensemble staydrunk_h.e 口琴樂團 大學生
106,Seoul International Harmonica Festival,Seoul International Harmonica Festival,國際活動/資訊入口,韓國,韓國/首爾,首爾國際口琴節/國際比賽/Gala音樂會/大師班/教育交流/2026 SIHF,複音/半音階/爵士/藍調/二重奏/三重奏/合奏,國際活動來源,,,https://www.youtube.com/@SIHF-uv5mk,,,,https://seoulinternationalharmonicafestival.com/,,Seoul International Harmonica Festival SIHF Korea Harmonica Education Association 2026 harmonica
107,Konstantin Reinfeld,Konstantin Reinfeld,個人,德國,德國,OPUS Klassik得獎/國際獨奏/製作與教育/跨界合作/SIHF 2026,半音階/十孔,國際演出人員/製作人/教育者,https://www.facebook.com/konstantinreinfeldofficial,https://www.instagram.com/konstantin_reinfeld/,https://www.youtube.com/@KonstantinReinfeld,,,,https://www.konstantinreinfeld.com/,,Konstantin Reinfeld harmonica SIHF 2026
108,Rodrigo Eberienos,Rodrigo Eberienos,個人,巴西,巴西,巴西職業口琴演奏/教學/錄音合作/SIHF 2026,口琴,國際演出人員/教學者,https://www.facebook.com/rodrigoeberienos/,https://www.instagram.com/rodrigoeberienos/,https://www.youtube.com/@eberienos,,,,,,Rodrigo Eberienos harmonica SIHF 2026
109,Boris Plotnikov,Boris Plotnikov,個人,俄羅斯,俄羅斯,莫斯科職業口琴演奏/藍調爵士/國際比賽得獎/教學工作坊/SIHF 2026,十孔/半音階,國際演出人員/教學者,https://www.facebook.com/boris.plotnikov.9,https://www.instagram.com/boris_plotnikov/,https://www.youtube.com/@etaborya,,,,https://borisplotnikov.ru/en,,Boris Plotnikov etaborya boris_plotnikov harmonica SIHF 2026
110,Takamoto Mizuno,Takamoto Mizuno,個人,日本,日本,複音口琴/1997 F.I.H.世界冠軍/新音樂文化推廣/TOMBO artist/SIHF 2026,複音口琴,國際演出人員/教育者,,,https://www.youtube.com/@%E9%A2%A8%E3%81%9D%E3%82%88%E3%81%90%E4%B8%98%E3%81%AE%E4%B8%8A%E3%81%AE%E8%A4%87%E9%9F%B3%E3%83%8F%E3%83%BC%E3%83%A2%E3%83%8B%E3%82%AB,,,,https://www.tombo-m.co.jp/tombofes/2025/official_artist/mizuno_takamoto.html,,Takamoto Mizuno 水野隆元 harmonica tremolo TOMBO SIHF 2026
111,Lee Hangyeol 이한결,Lee Hangyeol,個人,韓國,韓國/首爾,首爾藝術大學實用音樂系口琴主修/半音階爵士/Seoul Soloists/2025 WHF爵士半音階季軍/首爾 2026公演,半音階口琴,國際演出人員/教學者,,https://www.instagram.com/gyeoli_94/,,,,,https://www.seoul.go.kr/seoulgallery/eng/program/view.do?key=2509160014&prgmSn=60,,Lee Hangyeol 이한결 gyeoli_94 harmonica Seoul Arts SSHO WHF 2025 jazz chromatic third SIHF 2026
112,Kim Changsik 김창식,Kim Changsik,個人,韓國,韓國,韓國職業口琴演奏/半音階與複音/Weissenberg artist/SIHF 2026,半音階/複音,國際演出人員,,,,,,,https://weissenbergwind.com/artists_show.php?item=4&id=15,,Kim Changsik Kim Chang Sik 김창식 harmonica SIHF 2026
113,Kim Kyunghee 김경희,Kim Kyunghee,個人,韓國,韓國,韓國職業口琴演奏/Giusto harmonica ensemble/KHO/SIHF 2026,口琴,國際演出人員,,,,,,,https://weissenbergwind.com/artists_show.php?item=4&id=16,,Kim Kyunghee Kim Kyung Hee 김경희 harmonica SIHF 2026
114,Choi Suhong 최수홍,Choi Suhong,個人,韓國,韓國,韓國口琴演奏/國際交流/SIHF 2026,口琴,國際演出人員,,,,,,,https://seoulinternationalharmonicafestival.com/2017/08/23/concert-lineup/,,Choi Suhong 최수홍 harmonica SIHF 2026
115,Filip Jers,Filip Jers,個人,瑞典,瑞典,瑞典代表性口琴演奏/作曲/音樂教育/爵士民謠跨界/逾30國演出,半音階/十孔,國際演出人員/作曲者/教育者,https://www.facebook.com/filipjersmusic/,https://www.instagram.com/filipjersharmonica/,https://www.youtube.com/@filipjersmusic,,,,https://www.filipjers.com/,,Filip Jers harmonica SIHF
116,Trio Animato,Trio Animato,團體,波蘭,波蘭/什切青,波蘭口琴三重奏/室內樂/國際音樂節/SIHF 2025,半音階/和弦/低音,國際演出團體,https://www.facebook.com/animato1978,,https://www.youtube.com/user/animato1978,,,,https://animato.info.pl/en/,,Trio Animato Szczecin Poland harmonica trio SIHF 2025 chromatic chord bass
117,和谷泰扶 Yasuo Watani,Yasuo Watani,個人,日本,日本,京都出身/半音階口琴/Hohner Conservatory訓練/教育與演出,半音階,國際演出人員/教育者,,,,,,,https://www.yasuowatani.com/,,Yasuo Watani Watani Yasuo 和谷泰扶 harmonica SIHF
118,Federico Linari,Federico Linari,個人,阿根廷,阿根廷,布宜諾斯艾利斯/爵士十孔口琴/製作與教學/阿根廷根源,十孔/爵士口琴,國際演出人員/教學者/製作人,https://www.facebook.com/Federico.Linari.Armonica/,https://www.instagram.com/fede.linari/,https://www.youtube.com/@FedericoLinari,,,,https://www.hohner.de/en/federico-linari,,Federico Linari harmonica SIHF
119,田中光栄 Koei Tanaka,Koei Tanaka,個人,日本,日本,東京出身/半音階與十孔/爵士藍調/演奏教學與客製維修,半音階/十孔,國際演出人員/教學者/客製維修,,https://www.instagram.com/koei.tanaka/,https://www.youtube.com/@koeitanakaharmonica,,,,https://tanakakoei.com/,,Koei Tanaka Tanaka Koei 田中光栄 koei.tanaka tanakakoei harmonica SIHF
120,中國魔幻之聲口琴重奏團 The Magic Harmonica Ensemble,The Magic Harmonica Ensemble,團體,中國,中國,2012成立/亞太與華夏口琴節得獎/舞台與教學,口琴重奏,國際演出團體,https://www.facebook.com/TheMagicHarmonica/,,,,,,https://seelectronics.com/artists/the-magic-harmonica-ensemble/,,The Magic Harmonica Ensemble 中國魔幻之聲口琴重奏團 魔幻之声口琴乐团 harmonica SIHF
121,Fresco Harmonica Ensemble,Fresco Harmonica Ensemble,團體,馬來西亞,馬來西亞,馬來西亞世界冠軍口琴團/2006成立/國際巡演/教育推廣,口琴重奏,國際演出團體,,https://www.instagram.com/frescoharmonica/,https://www.youtube.com/@FrescoHarmonica,,,,,,Fresco Harmonica Ensemble harmonica Malaysia SIHF
122,Perfect Fourth,Perfect Fourth,團體,香港,香港,香港現代風格口琴四重奏/傳統與現代和聲/舞台演出,口琴重奏,國際演出團體,https://www.facebook.com/perfectfourth.org/,https://www.instagram.com/perfect.fourth/,https://www.youtube.com/@PerfectFourth,,,,https://www.perfectfourth.org/,,Perfect Fourth Harmonica Quartet Hong Kong SIHF
123,王元懋,Yuanmao Wang,個人,中國,中國,半音階獨奏/首屆華夏公開組冠軍/2023 SIHF 半音階公開組與全場總冠軍/影視配樂《野豬》《繁花》/個人獨奏音樂會/WHF 2025,半音階口琴,國際演出人員/影視錄音樂手/JDR 藝人,,,https://www.youtube.com/@YuanmaoWang,,,,https://www.jdrharmonica.com/pages/yuanmao-wang-%E7%8E%8B%E5%85%83%E6%87%8B,,王元懋 Yuanmao Wang harmonica SIHF WHF JDR 繁花 野豬
124,Ausgelassen x Wesley Wong,Ausgelassen x Wesley Wong,團體/合作企劃,香港,香港,香港柏赫口琴四重奏/古典與現代融合/本地與國際推廣,口琴重奏,國際演出團體,https://www.facebook.com/ausgelassen.art.academy/,,https://www.youtube.com/@Ausgelassen,,,,,,Ausgelassen Wesley Wong 黃志榮 harmonica SIHF
125,Jens Bunge,Jens Bunge,個人,德國,德國,德國爵士口琴/半音階演奏/國際演出與錄音,半音階/爵士口琴,國際演出人員,,https://www.instagram.com/jensbunge.jazzharmonica/,https://www.youtube.com/@jensbunge,,,,https://hohner.de/en/jens-bunge,,Jens Bunge jazz harmonica SIHF
126,Korea Harmonica Orchestra,Korea Harmonica Orchestra,團體,韓國,韓國,韓國口琴教育協會所屬大型口琴樂團/口琴普及教育/定期演奏與文化交流,半音階口琴/複音口琴/和弦口琴/低音口琴,協會所屬演出團體/教育推廣與大型合奏,,,,,,,https://koreaharmonica.kr/orchestra,,Korea Harmonica Orchestra KHO 한국하모니카교육협회 harmonica education orchestra SIHF
127,Reyharp and Balawan Project,Reyharp and Balawan Project,團體/合作企劃,印尼,印尼,Reyharp Naufal與Balawan合作/跨界融合/口琴與吉他,口琴/跨界,國際演出團體,https://www.facebook.com/reyharp/,https://www.instagram.com/reyharpnaufal/,https://www.youtube.com/@reyharpnaufal5101,,,,,,Reyharp Balawan Project Reyharp Naufal harmonica SIHF
128,龍登杰,Long Deng Jie,個人,中國,中國/廣東/廣州,爵士口琴/十孔與半音階/原創音樂/影視配樂/APHF 與 SIHF 評審/星海音樂學院教學,十孔口琴/半音階口琴,國際演出人員/作曲與錄音樂手/教師/HOHNER 藝人,https://www.facebook.com/long.deng.jie/,https://www.instagram.com/long.deng.jie/,,,,,https://hohner.de/en/long-deng-jie,,龍登杰 Long Deng Jie harmonica jazz Hohner APHF SIHF 星海音樂學院
129,Kangsoo Lee 이강수,Kangsoo Lee,個人,韓國,韓國/首爾,韓國口琴演奏與教育/韓國口琴教育協會/HOHNER韓國官方維修技師/國際交流與首爾口琴活動,口琴/口琴維修與調音,國際演出人員/口琴教育者/HOHNER認證技師,https://www.facebook.com/kangsoo.lee.9,,,,,,https://hohner.de/en/service/harmonica/hohner-service-technicians,,Kangsoo Lee 이강수 harmonica SIHF Korea Harmonica Education Association HOHNER official technician Seoul
130,香港口琴協會 Hong Kong Harmonica Association,Hong Kong Harmonica Association,協會/團體,香港,香港,香港口琴協會/官方頻道/教育推廣/國際賽事與交流,口琴,國際演出團體/協會來源,https://www.facebook.com/hkharmonica,https://www.instagram.com/hkharmonica/,https://www.youtube.com/@hkharmonica,,,,https://www.hkharmonica.org/,,Hong Kong Harmonica Association Orchestra HKHA 香港口琴協會 SIHF
131,Breathe with the Harmonica,Breathe with the Harmonica,活動企劃,香港,香港,香港口琴協會古典/藍調/爵士系列演出企劃/國際交流,口琴,國際活動來源,,,,,,,https://www.hkharmonica.org/en/about-us/,,Breathe with the Harmonica Hong Kong Harmonica Association SIHF
132,Antonio Serrano,Antonio Serrano,個人,西班牙,西班牙,馬德里出生/古典藍調爵士流行/與Paco de Lucia合作/WHF 2025,半音階/十孔,國際演出人員,https://www.facebook.com/antonioserranoarmonica/,https://www.instagram.com/antonioserranoarmonica/,https://www.youtube.com/@antonioserranoofficial,,,,https://www.hohner.de/en/antonio-serrano,,Antonio Serrano harmonica SIHF WHF 2025
133,Indiara Sfair,Indiara Sfair,個人,巴西,巴西,Curitiba出身/藍調口琴/Milk'n'Blues/作曲,十孔,國際演出人員/作曲者,https://www.facebook.com/IndiaraSfair/,https://www.instagram.com/indiarasfair/,https://www.youtube.com/@indiarasfair,,,,https://www.hohner.de/en/indiara-sfair,,Indiara Sfair harmonica SIHF
134,Crossover Harmonica Ensemble,Crossover Harmonica Ensemble,團體,韓國,韓國,韓國跨界口琴重奏/國際交流/SIHF 2018,口琴重奏,國際演出團體,,,,,,,https://thefestival.co.kr/info/festival/7338,,Crossover Harmonica Ensemble Korea SIHF
135,黃啟書 Openbook Huang,Openbook Huang,個人,臺灣,臺灣/新竹,倍低音與半音階口琴/天狼星口琴樂團音樂總監與首席/編曲/大專聯合口琴營師資/多所中小學與大專口琴社指導/SIHF 2018,倍低音口琴/半音階口琴/口琴重奏,國際演出人員/音樂總監與首席/編曲者/口琴教師,,,,,,,https://mx.nthu.edu.tw/~ymchen/sirius/openbook.htm,,黃啟書 Openbook Huang Chishu Chi-Shu Huang harmonica Sirius 倍低音 天狼星 SIHF
136,Project X,Project X,團體/合作企劃,國際,國際,口琴合作企劃/跨團重奏/SIHF 2018,口琴,國際演出團體,,,,,,,https://thefestival.co.kr/info/festival/7338,,Project X harmonica SIHF
137,Veloz Harmonica Quartet,Veloz Harmonica Quartet,團體,香港,香港,2010成立/King's College培育/本地國際舞台/觀眾互動,口琴四重奏,國際演出團體,https://www.facebook.com/velozharmonica/,https://www.instagram.com/velozharmonica/,https://www.youtube.com/@VelozHarmonica,,,,,,Veloz Harmonica Quartet Veloz Harmonica Ensemble SIHF
138,Keith Dunn,Keith Dunn,個人,美國,美國/荷蘭/歐洲,波士頓出身並旅居荷蘭的藍調口琴家、歌手與製作人/原聲與電聲藍調/Trance Blues/Alone With The Blues與Walter Davis致敬企劃/歐洲巡演,十孔口琴/藍調口琴/歌唱,國際演出人員/歌手/詞曲作者/唱片製作人,https://www.facebook.com/keithdunnband/,,https://www.youtube.com/@keithdunnband,,,,https://www.keithdunn.com/,,Keith Dunn Band Boston Netherlands blues harmonica singer producer songwriter Trance Blues Alone With The Blues SIHF
139,Lee Oskar,Lee Oskar,個人/品牌,丹麥,美國,War樂團成員/Lee Oskar Harmonicas創辦人/藍調搖滾與口琴品牌,十孔/藍調口琴,國際演出人員/品牌創辦人,https://www.facebook.com/LeeOskarHarmonicas/,https://www.instagram.com/leeoskarharmonicas/,https://www.youtube.com/@leeoskarharmonicas,,,https://www.tiktok.com/@leeoskarharmonicas,https://leeoskar.com/,,Lee Oskar harmonica SIHF
140,Gregoire Maret,Gregoire Maret,個人,瑞士,美國,紐約發展/Grammy得主/現代爵士半音階/作曲,半音階,國際演出人員/作曲者,https://www.facebook.com/gregoiremaret1/,https://www.instagram.com/gregoiremaret/,https://www.youtube.com/@GregoireMaret,,,,https://www.gregoiremaret.com/,,Gregoire Maret Grégoire Maret harmonica SIHF
141,陳軍凱 Kif Valentine,Kif Valentine,個人,馬來西亞,馬來西亞/吉隆坡,馬來西亞首位且最年輕的國際口琴三料冠軍/馬來西亞紀錄大全持有人/創作型口琴藝人與全職音樂人/2014首張口琴EP《Circle》/口琴、鋼琴、薩克斯風、打擊、長笛與嗩吶等多樂器跨界,十孔口琴/半音階口琴/複音口琴/低音口琴/多樂器,國際演出人員/世界冠軍口琴家/詞曲創作與製作人,https://www.facebook.com/kif768/,https://www.instagram.com/kif768/,https://www.youtube.com/@kif768,,,,https://yuhua100.com.my/anniversary/ambassador/,,陳軍凱 陈军凯 Kif Valentine Malaysia harmonica international triple champion Malaysia Book of Records Circle EP multi-instrument SIHF
142,Howard Levy,Howard Levy,個人,美國,美國,Grammy得獎/口琴與鋼琴/作曲教育/跨界即興,半音階/十孔/鋼琴,國際演出人員/作曲者/教育者,https://www.facebook.com/HowardLevyFanPage/,https://www.instagram.com/howardlevyland/,https://www.youtube.com/channel/UC86aeG8s---NPzmFuJ_CyXw,,,,https://levyland.com/,,Howard Levy harmonica SIHF
143,Brendan Power,Brendan Power,個人,紐西蘭,英國,口琴演奏與教學/客製口琴設計/半音階與十孔技術,十孔/半音階,國際演出人員/教育者/製作者,https://www.facebook.com/BrendanPowerMusic,,https://www.youtube.com/user/BrendanPowerMusic,,,,https://brendan-power.com/,,Brendan Power harmonica SIHF
144,La Mixtura,La Mixtura,團體/合作企劃,德國,德國,德國口琴六重奏/國際比賽與交流,口琴重奏,國際演出團體,,,,,,,https://monja-heuler.de/ueber-mich/biografie/,,La Mixtura Mundharmonika Sextett Germany harmonica SIHF
145,Joe Marhofer / The Headcutters,Joe Marhofer,個人,巴西,巴西/聖卡塔琳娜州,傳統 Chicago blues/The Headcutters/口琴/主唱/創團,十孔口琴,國際演出人員/樂團創辦人,,https://www.instagram.com/theheadcutters/,,,,,https://www.theheadcutters.com/,,Joe Marhofer The Headcutters Brazil harmonica blues SIHF
146,World Harmonica Festival,World Harmonica Festival,國際活動/資訊入口,德國,德國/特羅辛根,四年一度世界口琴節/國際比賽/Gala/工作坊,口琴,國際活動來源,https://www.facebook.com/WorldHarmonicaFestival/,https://www.instagram.com/whf_world_harmonica_festival/,,,,,https://worldharmonicafestival.de/,,World Harmonica Festival WHF Trossingen Hohner harmonica
147,Yoonseok Lee,Yoonseok Lee,個人,韓國,韓國,WHF 2025/半音階/國際比賽/教育與演出,半音階,國際演出人員/教育者,https://www.facebook.com/yoonseokhca/,https://www.instagram.com/yoonseoklee_harmonica/,https://www.youtube.com/c/YoonseokLee_HARMONICA,,,,https://linktr.ee/yoonseokl,,Yoonseok Lee yoonseokhca harmonica WHF 2025
148,Hank Shreve,Hank Shreve,個人,美國,美國,WHF 2025/藍調口琴/高能量原創藍調樂團,十孔/藍調口琴,國際演出人員,https://www.facebook.com/HankShreveBand/,https://www.instagram.com/hankshreve/,,,,,https://hankshreveband.com/,,Hank Shreve Hank Shreve Band hankshreve harmonica WHF 2025
149,Liam Ward & Malcolm Thorne,Liam Ward & Malcolm Thorne,團體/合作企劃,英國,英國,WHF 2025/藍調口琴/吉他合作/教學,十孔/藍調口琴/吉他,國際演出團體/教育者,https://www.facebook.com/learntheharmonica/,https://www.instagram.com/liamwardmusic/,https://www.youtube.com/@learntheharmonica,,,,https://learntheharmonica.com/,,Liam Ward Malcolm Thorne LearnTheHarmonica liamwardmusic harmonica WHF 2025
150,Tian Long Li,Tian Long Li,個人,中國,中國/江西/南昌,爵士/藍調/世界音樂與流行跨界/WHF 2025/HOHNER Conservatory 教學,十孔口琴/半音階口琴,國際演出人員/HOHNER Conservatory 爵士與合奏教師,,,,,,,https://worldharmonicafestival.de/artist-profile-tian-long-li/,,Tian Long Li Li Tian Long 李天龍 Jazzboy harmonica jazz blues WHF 2025 HOHNER Conservatory 南昌
151,Rachelle Plas & Philippe Hervouet,Rachelle Plas & Philippe Hervouet,團體/合作企劃,法國,法國,WHF 2025/藍調口琴/吉他與歌唱/Golden Melody ambassador,十孔/藍調口琴/吉他/人聲,國際演出團體,https://www.facebook.com/plashervouetband/,https://www.instagram.com/plashervouetband/,,,,,http://www.plashervouetband.com/,,Rachelle Plas Philippe Hervouet Plas Hervouet Band harmonica WHF 2025
152,The LiveWires,The LiveWires,團體,國際,德國/英國,WHF 2025/藍調樂團/Steve Baker合作,十孔/藍調口琴/吉他/樂團,國際演出團體,,,,,,,https://www.stevebaker.de/steve_baker_the_livewires_en_641.html,,The LiveWires Steve Baker Jan Mohr Jeff Walker harmonica WHF 2025
153,Santiago Alvarez,Santiago Alvarez,個人,阿根廷,阿根廷,WHF 2025/半音階口琴/世界冠軍/演出與教學,半音階,國際演出人員/教育者,https://www.facebook.com/santialvarezarmonica/,https://www.instagram.com/santi.alvarez.armonica/,https://www.youtube.com/channel/UCj06r7zxcQqFS26fy7n0jZw,,,,https://worldharmonicafestival.de/artist-profile-santiago-alvarez/,,Santiago Alvarez Santiago Alvarez Armonica harmonica WHF 2025
154,Orchestra Hohnerklang,Orchester Hohnerklang,團體,德國,德國/特羅辛根,WHF 2025開幕/HOHNER orchestral harmonica tradition/大型合奏,口琴合奏,國際演出團體,https://www.facebook.com/hohnerklang,https://www.instagram.com/hohnerklang,https://www.youtube.com/hohnerklang,,,,https://hohnerklang.de/,,Orchester Hohnerklang Orchestra Hohnerklang harmonica WHF 2025
155,Ptaszek & Buzma,Ptaszek & Buzma,團體/合作企劃,捷克,捷克,WHF 2025開幕/Blues and Gospel/口琴與吉他,十孔/藍調口琴/吉他/人聲,國際演出團體,https://www.facebook.com/100075740116023/,,,,,,https://worldharmonicafestival.de/artist-profile-ptaszek-and-buzma/,,Ptaszek Buzma Ptaszek Bužma Blues And Gospel harmonica WHF 2025
156,Sigmund Groven,Sigmund Groven,個人,挪威,挪威,WHF 2025/Tommy Reilly Memorial Concert/古典與跨界半音階,半音階,國際演出人員/作曲者,https://www.facebook.com/TheSigmundGrovenPage,https://www.instagram.com/sigmundgroven/,,,,,https://sigmundgroven.com/,,Sigmund Groven harmonica WHF 2025 Tommy Reilly
157,Steve Baker,Steve Baker,個人,英國,德國/英國,WHF 2025/藍調十孔/作曲/教育/HOHNER artist,十孔/藍調口琴,國際演出人員/教育者/作曲者,https://www.facebook.com/stevebaker.harmonica,,https://www.youtube.com/stevebakerbluesharp,,,,https://www.stevebaker.de/,,Steve Baker blues harmonica WHF 2025
158,Deak Harp,Deak Harp,個人,美國,美國,WHF 2025/藍調十孔/Chicago blues/演出與教學,十孔/藍調口琴,國際演出人員,https://www.facebook.com/deak.harp/,https://www.instagram.com/deakharp/,https://www.youtube.com/@deakharp,,,,https://deakharp.com/,,Deak Harp blues harmonica WHF 2025
159,香港中華基督教青年會口琴樂團,Hong Kong Chinese YMCA Harmonica Orchestra,團體,香港,香港,香港口琴樂團/教育推廣/年度音樂會,口琴合奏,國際演出團體/教育來源,https://www.facebook.com/Chinese-YMCA-of-Hong-Kong-Harmonica-Orchestra-185471864816806/,,https://www.youtube.com/@chineseymcaofhongkongharmo9428,,,,https://ymcaho.org/wp/,,香港中華基督教青年會口琴樂團 Hong Kong Chinese YMCA Harmonica Orchestra HKCYMCA harmonica
160,香港國際半音階口琴大賽,International Chromatic Harmonica Competition Hong Kong,比賽/資訊入口,香港,香港,國際半音階口琴比賽/大師班/Open Stage/教育論壇,半音階,國際比賽來源,https://www.facebook.com/hkideas,,,,,,https://www.ichchk.com/,,香港國際半音階口琴大賽 International Chromatic Harmonica Competition Hong Kong ICHC
161,香港學校音樂節,Hong Kong Schools Music Festival,學校比賽/資訊入口,香港,香港,學校音樂節/口琴獨奏/二重奏/合奏/口琴隊,口琴/學生合奏,學生比賽來源,https://www.facebook.com/hksmsa/,https://www.instagram.com/hksmsa_official/,,,,,https://www.hksmsa.org.hk/en/78th-hong-kong-schools-music-festival-2026/,,香港學校音樂節 Hong Kong Schools Music Festival Harmonica Melodica Recorder
162,口琴愛好者協會（新加坡）,Harmonica Aficionados Society Singapore,協會,新加坡,新加坡,口琴協會/工作坊/音樂會/社群推廣,口琴,國際協會/資訊來源,https://www.facebook.com/HARMONICAMUSICLOVERS/,https://www.instagram.com/has_singapore/,,,,,,,口琴愛好者協會 新加坡 Harmonica Aficionados Society Singapore HAS Singapore
163,海南會館口琴樂團,HNHK Harmonica Orchestra,團體,新加坡,新加坡,會館口琴樂團/社區合奏/演出,口琴合奏,國際演出團體,https://www.facebook.com/HNHK.Harmonica.Orchestra/,https://www.instagram.com/hnhkharmonica/,https://www.youtube.com/@hnhkharmonica5296,,,,,,海南會館口琴樂團 HNHK Harmonica Orchestra Singapore community harmonica
164,新加坡青年節藝術展演（口琴）,Singapore Youth Festival Arts Presentation - Harmonica,學校比賽/資訊入口,新加坡,新加坡,官方學生藝術展演/口琴項目/SYF,口琴/學生合奏,學生比賽來源,https://www.facebook.com/sgyouthfest/,https://www.instagram.com/sgyouthfest/,,,,,https://www.syf.gov.sg/arts-presentation,,新加坡青年節藝術展演 Singapore Youth Festival Arts Presentation Harmonica SYF
165,馬來西亞口琴節,Malaysia Harmonica Festival,比賽/資訊入口,馬來西亞,馬來西亞/吉隆坡,馬來西亞口琴節/比賽/學生與樂團,口琴/重奏/合奏,國際活動來源,https://www.facebook.com/malaysiaharmonicafestival/,https://www.instagram.com/malaysia_harmonica_festival/,https://www.youtube.com/@malaysiaharmonicafestival5523,,,,,,Malaysia Harmonica Festival MYHF Malaysia Harmonica Competition
166,海明威口琴重奏團,The HummingWay Harmonica Ensemble,團體,馬來西亞,馬來西亞,馬來西亞口琴重奏/跨國音樂節/社群演出,口琴重奏/合奏,國際演出團體,https://www.facebook.com/TheHummingWay/,https://www.instagram.com/hummingwayharmonica/,https://www.youtube.com/@hummingwaythe9424,,,,,,海明威口琴重奏團 HummingWay Harmonica Ensemble Malaysia harmonica
167,第十五屆亞太口琴藝術週,15th Asia Pacific Harmonica Festival,國際活動/資訊入口,中國,中國/江蘇/無錫/江陰,2026/7/23-27/亞太口琴節30週年/比賽/音樂會/講座/大師班,半音階/複音/十孔/重奏/合奏,國際活動來源,,,,,,,https://www.aphfhx.com/information/newsDetail/361363469090992128,,第十五屆亞太口琴藝術週 Asia Pacific Harmonica Festival APHF 江陰 華西 中國口琴 2026
168,中國大眾音樂協會口琴專業委員會,China Popular Music Association Harmonica Professional Committee,協會/資訊入口,中國,中國/江蘇/無錫/江陰,全國口琴組織/普及教育與師資培訓/等級考試/教材出版/口琴節與賽事/會員教師樂團網絡,口琴,全國性協會/教育與考級機構/活動主辦與資訊來源,,,,,,,https://www.harmonica.org.cn/about.asp,,中國大眾音樂協會口琴專業委員會 China Popular Music Association Harmonica Professional Committee 口琴節 考級 教師 樂團
169,韓國口琴教育協會,Korea Harmonica Education Association,協會,韓國,韓國/首爾,口琴教育協會/SIHF/KHO/師資課程,半音階/複音/十孔/合奏,國際協會/資訊來源,,,https://www.youtube.com/@SIHF-uv5mk,,,,https://koreaharmonica.kr/,,韓國口琴教育協會 Korea Harmonica Education Association KHEA SIHF
170,首爾口琴管弦樂團,Seoul Harmonica Orchestra,團體,韓國,韓國/首爾,大型口琴管弦樂團/半音階/和弦/低音/定期公演/教育推廣,口琴管弦樂團,國際演出團體,,,https://www.youtube.com/@SeoulHarmonicaOrchestra,,,,https://gcfac.or.kr/performance/commonView?currRow=1&gcfac_menu_cd=U0007&perDisGubun=performance&returnURI=%2Fperformance%2FcurrentList&seq_no=3630&serhDate=&serhPerforDisplay=&serhTitle=,,Seoul Harmonica Orchestra 首爾口琴管弦樂團 2025 regular concert
171,口琴保存與推廣協會 SPAH,Society for the Preservation and Advancement of the Harmonica,協會/活動,美國,美國/密蘇里,SPAH convention/教育/青年獎學金/社群俱樂部,口琴,國際協會/活動來源,https://www.facebook.com/SPAH63/,https://www.instagram.com/official_spah63/,https://www.youtube.com/channel/UCbJlie6bVGh8JhVCO-XLtsg,,,,https://spah.org/,,SPAH Society for the Preservation and Advancement of the Harmonica convention youth scholarships
172,英國口琴協會,HarmonicaUK,協會,英國,英國,英國口琴協會/festival/open mic/線上社群/青年會員,口琴,國際協會/資訊來源,https://www.facebook.com/groups/harmonicauk,https://www.instagram.com/harmonicauk_,https://www.youtube.com/@harmonicauk,https://www.twitter.com/harmonicauk,,,https://www.harmonica.uk/,,HarmonicaUK National Harmonica League British harmonica association
173,Spring Harp Fest,Spring Harp Fest,活動/資訊入口,美國,美國/加州/拉米薩,美國地方藍調口琴節/Jam/社群比賽與演出/2026年4月4日活動,十孔口琴/藍調口琴,國際音樂節/社群活動與演出來源,https://www.facebook.com/springharpfest/,https://www.instagram.com/springharpfest/,https://www.youtube.com/@springharpfest/,,,,https://springharpfest.org/,,Spring Harp Fest 2026 April 4 La Mesa blues harmonica festival jam
174,Yellow Pine Harmonica Festival,Yellow Pine Harmonica Festival,活動/資訊入口,美國,美國/愛達荷/Yellow Pine,戶外口琴音樂節/音樂演出、課程與示範/2026年7月30日至8月1日/社群與家庭活動,十孔口琴/藍調口琴/多類音樂,國際音樂節/課程示範與社群活動來源,https://www.facebook.com/YellowPineHarmonicaFestival/,https://instagram.com/yellowpinemusicfestival,,,,,https://www.yellowpinefestival.org/,,Yellow Pine Music Harmonica Festival Idaho 2026 July 30 31 August 1 classes demonstrations
175,德國 Harmonica/Harmonika 協會 DHV,Deutscher Harmonika-Verband e.V.,協會,德國,德國/特羅辛根,德國口琴與手風琴協會/Mundharmonika/研習/合奏教育,Mundharmonika/半音階/低音/和弦口琴,國際協會/資訊來源,,,,,,,https://www.dhv-ev.de/mundharmonika/,,Deutscher Harmonika-Verband DHV Mundharmonika Chromonica harmonica Germany
176,Hohner 音樂院（特羅辛根）,Hohner-Konservatorium Trossingen,教育機構,德國,德國/特羅辛根,Hohner/Trossingen/Harmonica Masters/青年與專業教育,Mundharmonika/口琴/手風琴,國際教育來源,https://www.facebook.com/Hohner-Konservatorium-Trossingen-1586512034959284/,https://www.instagram.com/hohnerkonservatorium/,https://www.youtube.com/user/HohnerKonservatorium,,,,https://www.hohner-konservatorium.de/,,Hohner-Konservatorium Trossingen Harmonica Masters Hohner harmonica education
177,Harmonica Masters 口琴大師工作坊,Harmonica Masters Workshops,工作坊/活動,德國,德國/特羅辛根,Trossingen口琴大師工作坊/演奏會/藍調與半音階課程,十孔/藍調口琴/半音階/爵士口琴,國際教育/活動來源,,,,,,,https://harmonica-masters.de/,,Harmonica Masters Workshops Trossingen blues harp chromatic harmonica
178,Harmonica FEN 口琴節與學院,Harmonica FEN Festival & Academy,活動/教育入口,德國,德國/柏林,柏林口琴節/Academy/演奏會/工作坊/Open Stage,口琴/半音階/十孔/跨界,國際活動/教育來源,https://www.facebook.com/harmonicafenfestival,https://www.instagram.com/harmonica_fen_festival/,https://www.youtube.com/channel/UCtti8XH0v4DgrgP7hz68bWw,,,,https://harmonica-fen-festival.com/,,Harmonica FEN Festival Academy Berlin harmonica
179,Mundharmonika-Live 口琴節,Mundharmonika-Live,活動/資訊入口,德國,德國/克林根塔爾,口琴節/藍調十孔/jam/短期工作坊/Seydel Open,十孔/藍調口琴/Mundharmonika,國際活動來源,,,,,,,https://mundharmonika-live.de/,,Mundharmonika-Live Klingenthal Mundharmonikafestival Seydel Open harmonica
180,巴西口琴論壇,Fórum Harmônicas Brasil,活動/文化平台,巴西,巴西/塞阿拉,巴西口琴論壇/音樂節/工作坊/訪談/線上節目,gaita/口琴,國際活動/文化來源,https://www.facebook.com/forumharmonicas/,https://www.instagram.com/harmonicasbrasil/,https://www.youtube.com/@ForumHarmonicas,,,,,,Fórum Harmônicas Brasil Forum Harmonicas Brasil harmonica gaita festival
181,庫里奇巴口琴樂團,Orquestra Harmônicas de Curitiba,團體,巴西,巴西/庫里奇巴,巴西口琴管弦樂團/長壽合奏團/地方文化,gaita/口琴合奏/口琴管弦樂團,國際演出團體,https://www.facebook.com/OHC2014/,https://www.instagram.com/orquestraharmonicas/,,,,,https://www.harmonicasdecuritiba.com.br/,,Orquestra Harmônicas de Curitiba OHC Curitiba Brazilian harmonica orchestra
182,布宜諾斯艾利斯口琴學校,Escuela de Armónica de Buenos Aires,學校/教學平台,阿根廷,阿根廷/布宜諾斯艾利斯/Chacarita,2018年由六位教師共同創立/個別與團體課程/全程度教學/工作坊與演出/維修客製/教材,十孔口琴/半音階口琴,國際教育來源/口琴維修與教材平台,https://www.facebook.com/escueladearmonicaba/,https://www.instagram.com/escueladearmonicaba/,https://www.youtube.com/channel/UCln6Hrzz1NHq8TX5ZSQzgJQ,,,,https://escueladearmonicaba.com/,,Escuela de Armónica de Buenos Aires 2018 Chacarita harmonica school Argentina lessons lutheria
183,EMPA 口琴課程,EMPA Escuela de Música Popular de Avellaneda Armónica,學校/正式課程,阿根廷,阿根廷/阿韋亞內達,公立流行音樂學校/正式口琴課程/爵士/探戈/民俗,半音階/十孔/armónica,國際教育來源,,https://www.instagram.com/empa.oficial/,,,,,https://www.empa.edu.ar/,,EMPA Escuela de Música Popular de Avellaneda Armónica harmonica Argentina
184,蔡明勳,Ming-Hsun Tsai,個人,臺灣,臺灣,低音口琴/重奏/演出/音控,低音口琴/重奏,演出人員/音控,https://www.facebook.com/MingHsunTsai830618/,https://www.instagram.com/minnie.o6i8/,https://www.youtube.com/@minghsunTsai,,https://www.threads.net/@minnie.o6i8,,,口琴,蔡明勳 Ming-Hsun Tsai 低音口琴 The Duet Judy's Harmonica Ensemble
185,銘傳大學銘心口琴社,MCU Ming Xin Harmonica Club,學校社團,臺灣,臺灣,銘傳大學口琴社/成果發表/校園演出,口琴,學校社團,https://www.facebook.com/MCUMingXin/,https://www.instagram.com/mcuhc/,https://www.youtube.com/channel/UCXcRJsu6ecMnDpd5d4DI4aQ,,,,https://club.mcu.edu.tw/hc/zh-hant/node/1,,銘傳大學銘心口琴社 銘傳口琴社 MCU Ming Xin MCU Harmonica 口琴社
186,中一中口琴社,TCFSH Harmonica,學校社團,臺灣,臺灣/臺中,臺中一中/學校社團/臺中,口琴,學校社團,https://www.facebook.com/tcfsh.harmonica/,https://www.instagram.com/tcfsh_harmonica/,https://www.youtube.com/@%E5%8F%A3%E7%90%B4%E4%B9%8B%E7%8B%BC,,,,,,中一中口琴社 TCFSH Harmonica 口琴社
187,中山醫藍韻口琴社,CSMU Blue Melody,學校社團,臺灣,臺灣/臺中,中山醫學大學/學校社團/臺中,口琴,學校社團,https://www.facebook.com/BMHarmonica/,https://www.instagram.com/csmu_bluemelody/,https://www.youtube.com/@%E4%B8%AD%E5%B1%B1%E9%86%AB%E5%AD%B8%E5%A4%A7%E5%AD%B8%E8%97%8D%E9%9F%BB%E5%8F%A3%E7%90%B4,,https://www.threads.net/@csmu_bluemelody,,https://powerup.csmu.edu.tw/Act/act_Info/c75b7f5a-53e4-4bf9-b3d9-5af47d787fba,,中山醫藍韻口琴社 CSMU Blue Melody 口琴社
188,臺中科大口琴社,NUTC Harmonica,學校社團,臺灣,臺灣/臺中,國立臺中科技大學/學校社團/臺中,口琴,學校社團,https://www.facebook.com/nutcharmonica/,https://www.instagram.com/nutc_harmonica/,https://www.youtube.com/@nutc_harmonica,,,,https://student.nutc.edu.tw/p/404-1020-114848.php,,臺中科大口琴社 NUTC Harmonica 口琴社
189,逢甲口琴社,FCU Harmonica,學校社團,臺灣,臺灣/臺中,逢甲大學/學校社團/臺中,口琴,學校社團,https://www.facebook.com/FCUharmonica/,https://www.instagram.com/fcu_harmonica/,https://www.youtube.com/@fengchiaharmonicaclub7692,,,,,,逢甲口琴社 FCU Harmonica 口琴社
190,師大口琴研究社,NTNU Harmonica Club,學校社團,臺灣,臺灣/臺北,國立臺灣師範大學/學校社團/臺北,口琴,學校社團,https://www.facebook.com/ntnuharmonicaclub/,https://www.instagram.com/ntnu_harmonica_club/,,,,,https://ap.itc.ntnu.edu.tw/club/Club_ActivityStdtCtrl?Action=Page1BS&Year=2025&Month=9&Id1=IBt7Len-cNCtRC3YEoLncPL-aqe-g&GoToDay=7,,師大口琴研究社 NTNU Harmonica Club 口琴社
191,師大附中舒馨口琴社,HSNU Cozy Harmonica,學校社團,臺灣,臺灣/臺北,師大附中/學校社團/臺北,口琴,學校社團,https://www.facebook.com/HSNUCOZY/,https://www.instagram.com/cozy_harmonica_60th/,https://www.youtube.com/channel/UCTd9aZdWomWZtieKMKmxDlA,,https://www.threads.net/@cozy_harmonica_60th,,https://sites.google.com/view/hsnuchc/%E9%A6%96%E9%A0%81,,師大附中舒馨口琴社 HSNU Cozy Harmonica 口琴社
192,建中口琴社,CKHC 64th,學校社團,臺灣,臺灣/臺北,建國中學/學校社團/臺北,口琴,學校社團,,https://www.instagram.com/ckhc_64th/,https://www.youtube.com/@ckhc3423,,https://www.threads.net/@ckhc_64th,,https://sites.google.com/view/ckhc-harmonica-club/%E9%A6%96%E9%A0%81,,建中口琴社 CKHC 64th 口琴社
193,成大口琴社,NCKU Harmonica Club,學校社團,臺灣,臺灣/臺南,國立成功大學/學校社團/臺南,口琴,學校社團,https://www.facebook.com/NCKU.harmonica.club/,https://www.instagram.com/ncku_harmonicaclub/,https://www.youtube.com/@%E6%88%90%E5%A4%A7%E5%8F%A3%E7%90%B4%E7%A4%BE,,,,http://stud.adm.ncku.edu.tw/act/old_page/club3-8.html,,成大口琴社 NCKU Harmonica Club 口琴社
194,屏科大口琴社,NPUST HMC,學校社團,臺灣,臺灣/屏東,國立屏東科技大學/學校社團/屏東,口琴,學校社團,,https://www.instagram.com/npust.hmc/,,,,,https://osas.npust.edu.tw/alltop/module_npust/B6/B6B101_AcnIntroduction.php?p_no=B6B101,,屏科大口琴社 NPUST HMC 口琴社
195,彰女微光口琴社,CHGSH Harmonica,學校社團,臺灣,臺灣/彰化,彰化女中/學校社團/彰化,口琴,學校社團,,https://www.instagram.com/chgsh_harmonica/,,,,,,,彰女微光口琴社 CHGSH Harmonica 口琴社
196,彰師大白沙口琴社,NCUE Harmonica,學校社團,臺灣,臺灣/彰化,國立彰化師範大學/學校社團/彰化,口琴,學校社團,https://www.facebook.com/p/%E5%BD%B0%E5%B8%AB%E5%A4%A7%E7%99%BD%E6%B2%99%E5%8F%A3%E7%90%B4%E7%A4%BE-100063575904295/,https://www.instagram.com/harmonica_ncue/,https://www.youtube.com/channel/UCw8TcNJXpgX1Sf8CSUFKf1w,,,,https://hackmd.io/@NCUESA/ryeONV6C9,,彰師大白沙口琴社 NCUE Harmonica 口琴社
197,清華大學口琴社,NTHU Harmonica Club,學校社團,臺灣,臺灣/新竹,國立清華大學/學校社團/新竹,口琴,學校社團,https://www.facebook.com/nthuharmonica/,https://www.instagram.com/nthu_harmonica_club/,https://www.youtube.com/channel/UC9jltWvJkMzNa3p-mbTIINQ,,,,https://oz.nthu.edu.tw/~u9562333/harmonic/,,清華大學口琴社 NTHU Harmonica Club 口琴社
198,陽明交大竹韻口琴社,Bamboo Melody Harmonica Club,學校社團,臺灣,臺灣/新竹,1968年創立/國立陽明交通大學學生社團/古典與流行口琴教學/獨奏重奏合奏/社內競賽與成果音樂會,半音階口琴/複音口琴/重奏與大合奏,大學學生社團/演出與人才培育,https://www.facebook.com/nycubmhc/,https://www.instagram.com/nycu_harmonica/,https://www.youtube.com/channel/UClIoDAYl9-jVnBpC4nFtHGw,,,,,,陽明交大竹韻口琴社 Bamboo Melody Harmonica Club NYCU 交通大學 1968 口琴社
199,高科大口琴社,NKUST Harmonica,學校社團,臺灣,臺灣/高雄,國立高雄科技大學/學校社團/高雄,口琴,學校社團,https://www.facebook.com/nkustharmonica/,https://www.instagram.com/nkustharmonica/,,,,,https://nkustharmonica.jimdofree.com/law/,,高科大口琴社 NKUST Harmonica 口琴社
200,高雄中學口琴社,KSHS Harmonica,學校社團,臺灣,臺灣/高雄,高雄中學/學校社團/高雄,口琴,學校社團,https://www.facebook.com/kshsharmonicaclub/,https://www.instagram.com/kshs_harmonica/,,,,,,,高雄中學口琴社 KSHS Harmonica 口琴社
201,臺南一中口琴社,TNFSH Harmonica,學校社團,臺灣,臺灣/臺南,臺南一中/學校社團/臺南,口琴,學校社團,https://www.facebook.com/tnfsh107harmonica/,https://www.instagram.com/tnfsh_harmonica.club/,,,,,"https://www.tnfsh.tn.edu.tw/form/Details.aspx?Parser=28,4,28,,,,61",,臺南一中口琴社 TNFSH Harmonica 臺南一中口琴社
202,早稻田大學ハーモニカ・ソサィアティ,Waseda University Harmonica Society,學校社團,日本,日本/東京,1926年創設/早稻田大學公認學生社團/每年二至三場音樂會/口琴主奏合奏與影音紀錄,口琴合奏/ハモソ,大學學生社團/歷史性口琴合奏團,,https://www.instagram.com/wasehamo_waseda/,https://www.youtube.com/channel/UCEOv_Vq5jTdA7WKnEvA-08A,https://x.com/wasehamo,,,https://www.waseda.jp/inst/weekly/circleguide/detail/?id=3103,,早稻田大學 ハーモニカ ソサィアティ Waseda Harmonica Society 1926 ハモソ 口琴社
203,明治大學ハーモニカソサエティー,Meiji University Harmonica Society,學校社團,日本,日本/東京,明治大學公認音樂社團/口琴主奏大樂團/四大學聯合音樂會/2026招募,口琴/長笛/單簧管/吉他/貝斯/鍵盤/鼓與打擊樂,學校社團/學生大樂團,https://www.facebook.com/meijihamoso/,https://www.instagram.com/meiji_hamoso/,,https://x.com/meiji_hamoso,,,https://www.meijiunvshinkan.com/intabiyuqi-hua-shi-yan/%E3%83%8F%E3%83%BC%E3%83%A2%E3%83%8B%E3%82%AB%E3%82%BD%E3%82%B5%E3%82%A8%E3%83%86%E3%82%A3%E3%83%BC,,明治大學 ハーモニカソサエティー Meiji Harmonica Society MHS ハモソ 口琴社 2026 四大學聯合音樂會
204,中央大學リード合奏部ハーモニカ・ソサィエティー,Chuo University Harmonica Society,學校社團,日本,日本/東京,1929年創設/中央大學公認社團/口琴主奏大型樂團/管樂與節奏樂器跨編制/多曲風音樂會,口琴/管樂器/吉他貝斯/鼓與打擊樂器/鍵盤,大學學生社團/口琴主奏Big Band,,https://www.instagram.com/chuo_hamoso/,https://www.youtube.com/channel/UCpxbm4Ji491oR1Q33MGHRVw,https://x.com/chuo_hamoso,,,https://www.chuo-u.ac.jp/activities/club/culture/culture23/,,中央大學 リード合奏部 ハーモニカ ソサィエティー Chuo Harmonica Society 1929 big band ハモソ
205,立教大學ハーモニカ・ソサイアティー,Rikkyo University Harmonica Society,學校社團,日本,日本/東京,立教大學/學校社團/東京,口琴合奏/ハモソ,學校社團,,https://www.instagram.com/rikkyo_harmonica/,https://www.youtube.com/channel/UCfVo2Zjfxi0QBryeqUzxy2A,https://x.com/rikkyo_rhs,,,https://rikkyo-rhs.jimdofree.com/,,立教大學 ハーモニカ ソサイアティー Rikkyo Harmonica Society RHS ハモソ 口琴社
206,關西學院大學ハーモニカソサイアティ,Kwansei Gakuin University Harmonica Society,學校社團,日本,日本/兵庫/西宮,十種以上樂器的Big Band式合奏/四類合奏口琴與半音階口琴/木管、鍵盤、弦樂與打擊樂跨編制,半音階口琴/四類合奏口琴/長笛/手風琴/馬林巴/吉他貝斯/鼓與打擊樂器/鍵盤,大學學生社團/跨編制口琴Big Band,https://www.facebook.com/kg.hamoso/,https://www.instagram.com/kg_hamoso/,https://www.youtube.com/channel/UCbJuCgOCEQK8HxsX7A7ZCuQ,https://x.com/kg_hamoso,,,https://kghamoso.web.fc2.com/,,關西學院大學 関西学院大学 ハーモニカソサイアティ 関学ハモソ Kwansei Gakuin big band 口琴社
207,鹿兒島大學ハーモニカバンド,Kagoshima University Harmonica Band Capital Harmony,學校社團,日本,日本/鹿兒島,鹿兒島大學/學校社團/鹿兒島,口琴バンド/合奏,學校社團,,https://www.instagram.com/kadaihamo/,,https://x.com/kadaihamoban,,,https://kadaihamoban.wixsite.com/mysite,,鹿兒島大學 鹿児島大学 ハーモニカバンド Capital Harmony 口琴社
208,山形市立商業高等學校ハーモニカバンド部,Yamagata City Commercial High School Harmonica Band,學校社團,日本,日本/山形,山形市立商業高等學校/學校社團/山形,口琴バンド/合奏,學校社團,,,https://www.youtube.com/@山商産業調査部,,,,https://www.yamagatacity-ch.ed.jp/cd-cat/harmonica-band/,,山形市立商業高等學校 山形市立商業高等学校 ハーモニカバンド部 高校 口琴社
209,英皇書院同學會小學口琴隊,KCOBAPS Harmonica Band,學校/青年,香港,香港,英皇書院同學會小學/學校/青年/香港/首爾國際口琴節,口琴隊/半音階/學生合奏,學校團隊,https://www.facebook.com/kcobaps/,,,,,,https://www.kcobaps1.edu.hk/tc/%E9%9F%B3%E6%A8%82%E8%97%9D%E8%A1%93,,英皇書院同學會小學口琴隊 KCOBAPS Harmonica Band 首爾國際口琴節 SIHF 學生口琴隊 香港
210,聖保羅男女中學口琴隊,SPCC Harmonica Orchestra,學校社團,香港,香港,聖保羅男女中學/學校社團/香港,口琴樂團/學生合奏/學校音樂節,學校社團,,,,,,,https://www.spcc.edu.hk/explore/extra-curricular-activities,,聖保羅男女中學口琴隊 SPCC Harmonica Orchestra Hong Kong Schools Music Festival 學生口琴
211,新加坡國立大學口琴社,NUS Harmonica,學校社團,新加坡,新加坡/肯特崗,1981年成立/約160人學生口琴樂團/多元曲風合奏/校園藝術節與年度演出,半音階口琴/和弦口琴/低音口琴/口琴樂團,大學學生社團/大型學生口琴樂團,https://www.facebook.com/nusharmonica/,https://www.instagram.com/nusharmonica/,https://www.youtube.com/@NUSHO,,,,https://osa.nus.edu.sg/nusartsfestival/event/constellations-under-starlit-skies/,,新加坡國立大學口琴社 NUS Harmonica NUS Harmonica Orchestra 1981 160 members Singapore
212,南洋理工大學口琴社,NTU CAC Harmonica Band,學校社團,新加坡,新加坡/裕廊西,南洋理工大學/學校社團/裕廊西,口琴樂團/學生合奏,學校社團,https://www.facebook.com/NtuHarmonicaBand/,https://www.instagram.com/ntuhb/,,,,,https://ntucac.com/harmonica-band/,,南洋理工大學口琴社 NTU CAC Harmonica Band Singapore student harmonica
213,裕華中學口琴樂團,Yuhua Secondary School Harmonica Band,學校社團,新加坡,新加坡/裕廊西,裕華中學/學校社團/裕廊西,口琴樂團/CCA/SYF,學校社團,,https://www.instagram.com/yhhbfamily/,,,,,https://www.yuhuasec.moe.edu.sg/our-ccas/visual-performing-arts/harmonica-band/,,裕華中學口琴樂團 Yuhua Secondary School Harmonica Band SYF Singapore CCA
214,檳華女中口琴隊,PCGHS Harmonica Band,學校社團,馬來西亞,馬來西亞/檳城,檳華女子中學/學校社團/喬治市,口琴隊/學生合奏/比賽,學校社團,https://www.facebook.com/pcghsharmonica/,https://www.instagram.com/pcghs_harmonicaband/,,,,,,,檳華女中口琴隊 PCGHS Harmonica Band Penang Malaysia student harmonica
215,鍾靈中學口琴隊,CLHS Harmonica Band,學校社團,馬來西亞,馬來西亞/檳城,鍾靈中學/學校社團/日落洞,口琴隊/學生合奏/華校,學校社團,https://www.facebook.com/chunglingharmonica/,https://www.instagram.com/clhs_harmonicaband/,,,,,https://sites.google.com/view/clhsharmonica/home,,鍾靈中學口琴隊 CLHS Harmonica Band Chung Ling High School Penang Malaysia
216,武漢理工大學學生星一口琴協會,Wuhan University of Technology Xingyi Harmonica Association,學校社團,中國,中國/湖北,武漢理工大學/學校社團/武漢,口琴社/學生合奏/校園音樂會,學校社團,,,,,,,https://youth.whut.edu.cn/stfc/202606/t20260609_1402701.shtml,,武漢理工大學 星一口琴協會 Wuhan University of Technology Xingyi Harmonica Association 中國學生口琴
217,華中師範大學學生知音口琴社,CCNU Student Zhiyin Harmonica Club,學校社團,中國,中國/湖北/武漢,2008年成立/校園口琴普及/零基礎一對一教學/自編布魯斯、複音與半音階教學手冊/日常練習、音樂會與大型演出/2025年度四星級學生社團,十孔口琴/複音口琴/半音階口琴,學校社團/學生合奏/校園演出/口琴教學,,,,,,,https://www.ccnu.edu.cn/ccnuyouth/info/1300/56896.htm,,華中師範大學 知音口琴社 CCNU Zhiyin Harmonica Club 2008 四星級 零基礎 一對一 教學手冊 武漢 中國學生口琴
218,Evelyn Choong 鍾雪兒,Evelyn Choong,個人,馬來西亞,馬來西亞,世界口琴冠軍/演出/教學/個人帳號,半音階/口琴,國際演出人員/教育者,https://www.facebook.com/evelyn.choong.3/,https://www.instagram.com/evelyn_harmonica/,,,,,,,Evelyn Choong 鍾雪兒 evelyn_harmonica World Harmonica Champion Aiden N Evelyn harmonica
219,IniXial Harmonica Ensemble 源創口琴樂團,IniXial Harmonica Ensemble,團體,臺灣,臺灣,重奏/公演/新興團體/創作編曲,半音階/倍低音/和弦/口琴重奏,演出團體,https://www.facebook.com/profile.php?id=61590218560112,https://www.instagram.com/inixial.muse/,https://www.youtube.com/@IniXialMuse,,https://www.threads.net/@inixial.muse,,,,IniXial Harmonica Ensemble 源創口琴樂團 IniXial 口琴樂團 創作 編曲
220,菜鳥琴老師很菜,chindiary_harmonica,個人,臺灣,臺灣/中彰投,中彰投口琴教學/演出/推廣,口琴,演出人員/教學者,https://www.facebook.com/chin.diary,https://www.instagram.com/chindiary_harmonica/,https://www.youtube.com/channel/UCLtiB8YOa0dSd4i6N4YKfVQ,,https://www.threads.net/@chindiary_harmonica,,,,菜鳥琴老師很菜 chindiary_harmonica 口琴 彰化 臺中 南投
221,吹口琴的小园园,Yuanyuan Harmonica,個人,中國,中國/北京,藍調口琴演奏與大眾推廣/師從張曉松並加入藍調口琴網/《园园口琴教室》系列教學/經典老歌、流行與影視曲改編/十孔及半音階口琴影音內容,十孔口琴/藍調口琴/半音階口琴,演出人員/口琴教育影音創作者/藍調口琴推廣者,,,https://www.youtube.com/@yuanyuanharmonica,,,,,,吹口琴的小园园 Yuanyuan Harmonica 園園 北京 藍調口琴網 張曉松 园园口琴教室 十孔 半音階 經典老歌 流行 教學 推廣
222,Do Not Disturb Harmonica Ensemble,Do Not Disturb Harmonica Ensemble,團體,臺灣,臺灣,新生代口琴重奏/半音階、低音與和弦口琴編制/2026臺灣口琴音樂節前導音樂會與午間音樂會演出,半音階口琴/低音口琴/和弦口琴/口琴重奏,演出團體/青年團體,,https://www.instagram.com/donotdisturbharmonicaensemble/,,,,,,口琴,Do Not Disturb Harmonica Ensemble donotdisturbharmonicaensemble 口琴 重奏 THMF 2026 臺灣口琴音樂節 前導音樂會 午間音樂會
223,El Caminito 엘 까미니또,El Caminito,團體,韓國,韓國/首爾,Nuevo Tango/世界音樂/口琴與鋼琴二重奏/2017首張專輯Primavera/作曲與演出,半音階口琴/鋼琴,國際演出團體/二重奏,https://www.facebook.com/duo.elcaminito/,https://www.instagram.com/elcaminito_official/,https://www.youtube.com/channel/UCaHrTB0aiwNv-9wCSeB8eKg,,,,https://www.cjazit.org/support/tune-up/entry/64/26710?p=26,,El Caminito 엘까미니또 Choi Heejung 최희중 Nayoung Myung 명나영 harmonica piano Nuevo Tango Primavera 2017 Korea
224,Easttop Harmonicas,Easttop Harmonicas,品牌/樂器製造商,中國,中國/江蘇/無錫/江陰,口琴製造/器材/產品資訊/亞太口琴節/華夏口琴節,口琴,器材品牌/活動主辦單位,https://www.facebook.com/EasttopMusic/,https://www.instagram.com/easttopharmonicas/,https://www.youtube.com/@easttopmusic,,,https://www.tiktok.com/@easttopharmonicaofficial,https://easttop-harmonica.com/,,Easttop EAST TOP Jiangsu East Musical Instrument APHF Huaxia Harmonica Festival 口琴 品牌
225,408 Harmonica Ensemble,408 Harmonica Ensemble,團體,香港,香港,香港口琴六重奏/半音階、和弦與倍低音編制/2026首爾國際口琴節比賽與午間音樂會演出,半音階口琴/和弦口琴/倍低音口琴/口琴重奏,國際演出團體/青年團體,,https://www.instagram.com/408.harmonica/,,,,,,,408 Harmonica Ensemble Hong Kong cy_long biscuit_1217 an_arthur__1 char1am_ ryaantheguy windh_y10 香港 口琴 SIHF 2026 lunchtime concert
226,黃志榮 Wesley Wong,Wesley Wong,個人,香港,香港,香港古典半音階口琴家/香港中文大學音樂系口琴演奏主修/亞太口琴節半音階獨奏公開組冠軍/世界口琴節三重奏冠軍/社區與幼兒口琴教育/香港青年口琴樂團創辦人,半音階口琴/口琴重奏,國際演出人員/藝術總監/口琴教育者/社區藝術推廣者,https://www.facebook.com/wesleyharmonica,,,,,,https://abo.gov.hk/en/eventDetail/690,,黃志榮 Wesley Wong classical chromatic harmonica Chinese University of Hong Kong APHF solo champion WHF trio champion educator Hong Kong Youth Harmonica Choir
227,Tancy Liu,Tancy Liu,個人,中國,中國,中國青少年口琴演奏者/六歲已參加第12屆亞太口琴節/藍調、爵士、古典與流行曲風/十孔口琴overblow與半音階口琴演奏/2021與2022 SPAH青年學者/SEYDEL演奏者,十孔口琴/藍調口琴/半音階口琴,國際青少年演出人員/SPAH青年學者/SEYDEL演奏者,https://www.facebook.com/tancy.liu.3,,,,,,,,Tancy Liu 劉恬曦 胖妞 China harmonica APHF 12th SPAH Youth Scholar 2021 2022 SEYDEL diatonic chromatic blues jazz classical overblow
228,臺中一中口琴社校友團,TCFSH Harmonica Alumni Ensemble,團體,臺灣,臺灣/臺中,校友團/公演/中一中口琴社/2026,口琴重奏/合奏,演出團體/活動資訊來源,,https://www.instagram.com/tcfsh_harmonica_alumni/,,,,,,,臺中一中口琴社校友團 2026臺中一中口琴社校友音樂會 中一中口琴社校友會 天琴聲等煙雨 大墩文化中心
229,Hohner Harmonica,Hohner Harmonica,品牌/樂器製造商,德國,德國/國際,口琴製造/產品資訊/演奏推廣/國際社群,口琴,器材品牌,,https://www.instagram.com/hohnerharmonica/,,,,,https://linktr.ee/hohnermusic,,Hohner Harmonica HOHNER 口琴 品牌 德國
230,陳立強 Johnny Chen,Johnny Chen,個人,臺灣,臺灣/臺北,台大藍聲/Dr. Blue/學生重奏/演出,口琴,演出人員/樂團成員,,https://www.instagram.com/harmonica_johnny/,,,,,,,陳立強 Johnny Chen harmonica_johnny 台大藍聲 Dr. Blue Harmonica Ensemble
231,Cube Harmonica Ensemble,Cube Harmonica Ensemble,團體,臺灣,臺灣/彰化,口琴重奏/彰化/演出,口琴重奏/合奏,演出團體,,https://www.instagram.com/cubeharmonicaensemble/,,,,,,,Cube Harmonica Ensemble 彰化 Taiwan 口琴樂團
232,高醫萌風口琴社,KMU Mon Harmonica Club,學校社團,臺灣,臺灣/高雄,高雄醫學大學/學校社團/社課/招生,口琴,學校社團,https://www.facebook.com/profile.php?id=61572133765334,https://www.instagram.com/kmu.m.f.harmonica/,,,,,,,高醫萌風口琴社 KMU Mon Harmonica Club 高雄醫學大學 口琴社
233,還沒想好口琴樂團,No Idea Harmonica Ensemble,團體,臺灣,臺灣,學生重奏/新生代團體/演出,半音階/低音/和弦/口琴重奏,演出團體,,https://www.instagram.com/no_idea_harmonica1024/,,,,,,,還沒想好口琴樂團 No Idea Harmonica Ensemble 半音階 Bass Chord
234,Harmonica Addict,Harmonica Addict,教學/資訊入口,香港,香港,半音階/現代爵士/教學/教材,半音階口琴,演出人員/教育者,,https://www.instagram.com/harmonica_addict/,,,,,https://www.gingermuse.com/,,Harmonica Addict chromatic harmonica CUHK BUHK Ginger Muse 教學
235,真南人口琴樂團,The Souther Harmonica Ensemble,團體,臺灣,臺灣,學生重奏/新生代團體/演出,半音階/低音/和弦/口琴重奏,演出團體,,https://www.instagram.com/the_souther__harmonica/,,,,,,,真南人口琴樂團 The Souther Harmonica Ensemble Chromatic Bass Chord
236,Neon Light Harmonica Ensemble,Neon Light Harmonica Ensemble,團體,臺灣,臺灣,臺灣青年口琴重奏/2025海峽兩岸（蕉城）口琴文化週文藝匯演/與天狼星、胖擊及寧德團隊同台/兩岸百人口琴合奏,口琴重奏/口琴合奏,演出團體/兩岸交流團體,,https://www.instagram.com/neonlight_harmonica/,,,,,https://wlt.fujian.gov.cn/wldt/tsdt/202507/t20250721_6969399.htm,,Neon Light Harmonica Ensemble Neon lights neonlight_harmonica 臺灣 口琴樂團 2025 海峽兩岸 蕉城 口琴文化週 福建 寧德 天狼星 胖擊
237,Wilson Liao,Wilson Liao,個人,臺灣,臺灣/臺北,Dr. Blue/學生重奏/演出,口琴,演出人員/樂團成員,,https://www.instagram.com/weiyuliao1/,,,,,,,Wilson Liao weiyuliao1 Dr. Blue Harmonica Ensemble NTU 口琴
238,蔡培婷,Pei-Ting Tsai,個人,臺灣,臺灣/新竹,口琴演奏/學生音樂/個人帳號,口琴,演出人員,,https://www.instagram.com/r83350/,,,,,,,蔡培婷 Pei-Ting Tsai r83350 Harmonica player NYUST NYCU 口琴
239,邴國榮,Bing Guo-Rong,個人,臺灣,臺灣/臺北,Dr. Blue/學生重奏/演出,口琴,演出人員/樂團成員,,https://www.instagram.com/xdgaste/,,,,,,,邴國榮 Bing Guo-Rong xdgaste Dr. Blue Harmonica Ensemble 口琴
240,蔡牧熹,Mu-Xi Tsai,個人,臺灣,臺灣/臺北,Dr. Blue/錄音/學生重奏/演出,和弦口琴,演出人員/樂團成員/錄音工作者,,https://www.instagram.com/mushitsai/,,,,,,,蔡牧熹 Mu-Xi Tsai mushitsai Harmonica chord player Dr. Blue 錄音
241,第五屆華夏（寧德）口琴藝術周,5th Huaxia Harmonica Art Week,國際活動/資訊入口,中國,中國/福建/寧德/蕉城,2025/7/23-27/展演/比賽/音樂會/論壇/大師班/考級,半音階/複音/十孔/重奏/合奏,國際活動來源,,,,,,,https://www.aphfhx.com/information/newsDetail/361718112966979584,,第五屆華夏口琴藝術周 寧德 蕉城 Huaxia Harmonica Art Week 2025
242,遼陽白塔口琴藝術周暨第三屆「白塔杯」口琴大賽,Liaoyang Baita Harmonica Art Week and 3rd Baita Cup,活動/資訊入口,中國,中國/遼寧/遼陽/白塔,2025/8/20-24/口琴大賽/音樂會/考級/文旅交流,半音階/複音/十孔/重奏/合奏,活動來源,,,,,,,https://www.ln.gov.cn/web/qmzx/lnsqmzxxtpsnxd/lnzxd/df/2025082209351475118/index.shtml,,遼陽白塔口琴藝術周 白塔杯 口琴大賽 2025
243,第二屆「敦煌杯」線上口琴大賽,2nd Dunhuang Cup Online Harmonica Competition,比賽/資訊入口,中國,中國/線上,2025線上口琴大賽/評審/報名/賽事資訊,半音階/複音/十孔/重奏/合奏,比賽資訊來源,,,,,,,https://www.aphfhx.com/information/announcementDetail/347951476011454464,,第二屆 敦煌杯 線上口琴大賽 2025 Dunhuang Cup
244,「琴溯伏羲・律動天水」口琴藝術展演,Qinsu Fuxi Harmonica Art Showcase Tianshui,活動/資訊入口,中國,中國/甘肅/天水,2026口琴藝術展演/活動日程/區域交流,口琴/重奏/合奏,活動來源,,,,,,,https://www.aphfhx.com/information/announcementDetail/407401895418511360,,琴溯伏羲 律動天水 口琴藝術展演 2026 天水
245,「琴韻東坡・簧鳴西南」口琴藝術展演,Qinyun Dongpo Harmonica Art Showcase Meishan,活動/資訊入口,中國,中國/四川/眉山/東坡,2026西南口琴藝術展演/報名/區域交流,口琴/重奏/合奏,活動來源,,,,,,,https://www.aphfhx.com/information/announcementDetail/443573180452044800,,琴韻東坡 簧鳴西南 口琴藝術展演 2026 眉山
246,中國大眾音樂協會口琴考級網,China Popular Music Association Harmonica Grading Portal,協會/資訊入口,中國,中國/江蘇/無錫/江陰,口琴考級/考點/考官/教師/教材/考務公告,半音階/複音,官方考級資訊來源,,,,,,,https://kaoshi.harmonica.org.cn/,,中國大眾音樂協會 口琴考級 考點 考官 教師
247,東方口琴博物館,Easttop Harmonica Museum,場館與平台,中國,中國/江蘇/無錫/江陰/祝塘,中國口琴史/口琴館藏/教育推廣/參觀預約,口琴,博物館/文化資訊來源,,,,,,,https://www.harmonica.org.cn/news-show.asp?nlt=111&none=17,,東方口琴博物館 江陰 祝塘 中國口琴史
248,東方口琴樂團,Easttop Harmonica Ensemble,團體,中國,中國/江蘇/無錫/江陰,企業口琴藝術團/大合奏/公益演出,口琴大合奏,演出團體,,,,,,,https://www.harmonica.org.cn/news-show.asp?nlt=111&none=17,,東方口琴樂團 Easttop Harmonica Ensemble 江陰
249,上海豫園口琴樂團,Shanghai Yuyuan Harmonica Ensemble,團體,中國,中國/上海/黃浦/豫園,1981成立/社區口琴教育/民族與交響合奏/國際交流,口琴重奏/合奏,演出團體/教學團體,,,,,,,https://www.harmonica.org.cn/news-show.asp?nlt=103&none=17,,上海豫園口琴樂團 上海大眾口琴會 黃毓千
250,Oritta 奧瑞塔口琴,Oritta Harmonica,品牌/樂器製造商,中國,中國/福建/廈門,半音階口琴/口琴研發/產品與售後資訊,口琴,器材品牌/資訊來源,,,,,,,https://www.oritta.cn/,,Oritta 奧瑞塔 奥瑞塔 口琴 廈門
251,Kongsheng 孔聲口琴,Kongsheng Harmonica,品牌/樂器製造商,中國,中國/江蘇/無錫/江陰,口琴製造/半音階/十孔/複音/產品資訊,半音階/十孔/複音,器材品牌/資訊來源,,,,,,,https://www.kongshengmusic.com/,,Kongsheng 孔聲 孔声 口琴 江陰
252,天鵝口琴,Swan Harmonica,品牌/樂器製造商,中國,中國/江蘇/泰州/靖江,口琴製造/半音階/複音/產品與產業資訊,半音階/複音/十孔,器材品牌/資訊來源,,,,,,,https://www.harmonicas.com.cn/,,Swan 天鵝 天鹅 口琴 江蘇天鵝樂器
253,濟南大眾口琴樂團,Jinan Popular Harmonica Ensemble,團體,中國,中國/山東/濟南,2025成立/城市大眾口琴推廣/合奏,口琴合奏,演出團體/推廣團體,,,,,,,https://www.aphfhx.com/information/industryNewsDetail/361339839879622656,,濟南大眾口琴樂團 Jinan Popular Harmonica Ensemble 2025
254,鄭州大眾口琴樂團,Zhengzhou Popular Harmonica Ensemble,團體,中國,中國/河南/鄭州,2025成立/城市大眾口琴推廣/合奏,口琴合奏,演出團體/推廣團體,,,,,,,https://www.aphfhx.com/information/industryNewsDetail/361339839879622656,,鄭州大眾口琴樂團 Zhengzhou Popular Harmonica Ensemble 2025
255,Cookie Monster 口琴二重奏,Cookie Monster Harmonica Duo,團體,臺灣,臺灣,陳若芸與李沛寧組成的新生代二重奏/臺灣口琴音樂節演出/2025世界口琴節成人二重奏並列第七名（優秀評等）,半音階口琴/口琴二重奏,國際賽事演出團體/青年團體,,https://www.instagram.com/cookiemonster_harmonica/,,,,,https://worldharmonicafestival.de/wp-content/uploads/2025/11/whf-2025_final-results.pdf,,Cookie Monster harmonica duo 陳若芸 李沛寧 THMF WHF 2025 duet seventh outstanding
256,飛飛飛 Triple F,Triple F Harmonica Ensemble,團體,臺灣,臺灣,青年口琴重奏/演出/比賽,半音階/低音/和弦/口琴重奏,演出團體,,https://www.instagram.com/triple.f_harmonica/,,,,,,,飛飛飛 Triple F Harmonica Ensemble 施沛心 口琴重奏
257,施沛心,Pacie Shih,個人,臺灣,臺灣/臺東/高雄,青年演奏/飛飛飛 Triple F/口琴好南/THMF 2026半音階獨奏公開組冠軍/SIHF,半音階/複音,演出人員/樂團成員,,https://www.instagram.com/pei_____shih/,,,,,,,施沛心 Pacie Shih harmonica Triple F THMF 2026 A1 champion SIHF
258,陳若芸,Sabrina Chen,個人,臺灣,臺灣/彰化,Cookie Monster/口琴二重奏/THMF 2026半音階獨奏公開組第五名/WHF,半音階口琴,演出人員/樂團成員,,https://www.instagram.com/sabrinachen820/,,,,,,,陳若芸 Sabrina Chen harmonica player Cookie Monster THMF 2026 A1 fifth WHF
259,李沛寧,Li Pei-ning,個人,臺灣,臺灣,Cookie Monster/口琴二重奏/THMF 2026半音階獨奏公開組季軍/WHF,半音階口琴,演出人員/樂團成員,,https://www.instagram.com/l.p.ning.0404/,,,,,https://laelapsharmonica.com/en/laelaps-club/pei-ning-lee/,,李沛寧 Li Pei-ning Pei Ning Lee harmonica Cookie Monster THMF 2026 A1 third WHF
260,梁芷菁 Steffi Leung,Steffi Leung,個人,香港,香港,半音階/國際賽事/電台主持/Adventure Harmonica Band/2025 世界口琴節二重奏冠軍/THMF 2026 Steffi and Friends,半音階,國際演出人員,,https://www.instagram.com/steffi.leung/,,,,,https://www.steffileung.com/,,梁芷菁 Steffi Leung harmonicist Adventure Harmonica WHF APHF SIHF THMF 2025 世界口琴節 二重奏冠軍 Steffi and Friends 2026
261,歷奇口琴隊,Adventure Harmonica Band,團體,香港,香港,口琴合奏/社群演出/教育/THMF 2026大合奏公開組並列季軍,口琴大合奏,國際演出團體,,https://www.instagram.com/adventure_harmonica/,,,,,,,Adventure Harmonica Band 歷奇口琴隊 Hong Kong Steffi Leung THMF 2026 大合奏 季軍
262,李志華,Lee Chin Wah,個人,新加坡,新加坡,半音階/三重奏/口琴教育/指揮/亞太口琴節評審,半音階/複音/口琴重奏,國際演出人員/教師/指揮,,https://www.instagram.com/chinwahlee/,,,,,,,李志華 Lee Chin Wah Singapore harmonica APHF THMF
263,JDR Harmonica,JDR Harmonica,品牌/樂器製造商,中國,中國/江蘇/江陰,口琴製造/十孔/半音階/器材資訊/國際音樂節贊助,十孔/半音階/口琴,器材品牌/活動贊助單位,https://www.facebook.com/JDRmusik/,https://www.instagram.com/jdr_harmonica/,https://www.youtube.com/@JDRHarmonica,,,,https://www.jdrharmonica.com/,,JDR Harmonica 嘉德瑞 Jiangyin Soundreal harmonica THMF SIHF
264,Leon Li,Leon Li,個人/製琴研究者,中國,中國/美國,口琴演奏/口琴聲學/製琴/產品設計/SIHF 2026,口琴,國際演出人員/口琴設計研究者,,,,,,,https://ceeo.tufts.edu/people/staff/leon-li,,Leon Li harmonica acoustics designer SIHF 2026 JDR Jiangyin Soundreal
265,林筱茹,Hsiao-Ju Lin,個人,臺灣,臺灣,半音階/古典/新生代演奏/THMF 2026/國際比賽,半音階,演出人員,,,,,,,https://www.taiwanharmonica.com/2026artists-gala,,林筱茹 半音階口琴 THMF 2026 From Harmonica to Music
266,蔡景玫,Ching-Mei Tsai,個人,臺灣,臺灣,複音/低音口琴/Up Side Down/THMF 2026/國際比賽,複音/低音口琴,演出人員/樂團成員,,,,,,,https://www.taiwanharmonica.com/2026artists-gala,,蔡景玫 複音口琴 低音口琴 Up Side Down THMF 2026
267,傅泓亮,Fu Hongliang,個人,中國,中國/甘肅/蘭州,複音/半音階/演出/教學/國際賽事/2026 琴韻東坡・簧鳴西南,複音/半音階,國際演出人員/教師,,,,,,,https://www.jstz.gov.cn/a/20230313/1678688627693.shtml,,傅泓亮 Fu Hongliang 口琴 甘肅 蘭州 華夏 亞太 琴韻東坡 簧鳴西南 2026
268,中國大眾音協口琴樂團,China Popular Music Association Harmonica Ensemble,團體,中國,中國,中國大眾音樂協會口琴專業委員會大型合奏/《西遊記》主題演出/華夏與亞太口琴節/全國口琴交流,半音階口琴/複音口琴/和弦口琴/低音口琴,全國協會樂團/國際音樂節演出團體,,,,,,,https://aphfx-1255574727.cos.ap-shanghai.myqcloud.com/20251225/416d60da462842daa00b391b22745c24.mp4,,中國大眾音協口琴樂團 China Popular Music Association Harmonica Ensemble 西遊記 APHF 華夏亞太口琴節
269,葉梓翀,Yip Tsz Chung Matthew,個人,香港,香港,半音階/RedBricks/國際比賽/教學/THMF 2026,半音階,國際演出人員/教師,,,,,,,https://www.taiwanharmonica.com/2026artists-gala,,葉梓翀 Yip Tsz Chung Matthew RedBricks SIHF WHF THMF 2026
270,首爾獨奏家口琴樂團,Seoul Soloists Harmonica Orchestra,團體,韓國,韓國/首爾,朴鍾聲指揮的完整口琴樂團/半音階、和弦與低音聲部/2024首爾定期公演/2025世界口琴節成人團體與口琴樂團雙冠軍/2026臺灣口琴音樂節演出,半音階口琴/和弦口琴/低音口琴/口琴樂團,世界冠軍口琴樂團/國際演出團體,,,,,,,https://culture.seoul.go.kr/culture/culture/cultureEvent/view.do?cultcode=149308&menuNo=200110,,首爾獨奏家口琴樂團 Seoul Soloists Harmonica Orchestra SSHO 朴鍾聲 Park Jongseong WHF 2025 group orchestra champion THMF 2026 Seoul concert
271,劉銘澤,Liu Mingze,個人,中國,中國,口琴獨奏/《紫色激情》/華夏與亞太口琴節公開演出,口琴,音樂節演出人員,,,,,,,https://aphfx-1255574727.cos.ap-shanghai.myqcloud.com/20251225/1bec01327740414fa644a2a0da44e08c.mp4,,劉銘澤 刘铭泽 Liu Mingze 口琴 紫色激情 APHF 華夏亞太口琴節
272,Monica J,Monica J,個人,韓國,韓國/首爾,首爾藝術大學口琴主修/EASTTOP藝人/2026 APHF與SIHF評審/琴韻東坡・簧鳴西南,半音階口琴,國際演出人員/評審,,,https://www.youtube.com/user/jhr0508/videos,,,,https://easttopharmonica.com/artistitem.asp?plt=52,,Monica J harmonica Seoul Arts EASTTOP artist APHF SIHF judge 琴韻東坡 簧鳴西南 2026
273,Kitauji Sextet,Kitauji Sextet,團體,中國,中國,六重奏/國際比賽/WHF 2025,口琴六重奏,國際演出團體,,,,,,,https://worldharmonicafestival.de/wp-content/uploads/2025/09/WHF_2025_Competition_Participant_List__Schedule-2.pdf,,Kitauji Sextet China harmonica WHF 2025 Crescent Moon Dance
274,Resonance Storm,Resonance Storm,團體,臺灣,臺灣,重奏/國際比賽/WHF 2025/林家靖編曲,口琴重奏,演出團體,,,,,,,https://worldharmonicafestival.de/wp-content/uploads/2025/09/WHF_2025_Competition_Participant_List__Schedule-2.pdf,,Resonance Storm Taiwan harmonica WHF 2025 Taiwan Fantasy Giant Tree Rolabo Lin
275,Heartstrings in Harmony,Heartstrings in Harmony,團體,臺灣,臺灣,重奏/國際比賽/WHF 2025/天狼星編曲,口琴重奏,演出團體,,,,,,,https://worldharmonicafestival.de/wp-content/uploads/2025/09/WHF_2025_Competition_Participant_List__Schedule-2.pdf,,Heartstrings in Harmony Taiwan harmonica WHF 2025 Sirius Harmonica Ensemble
276,Paskho Harmonica Ensemble,Paskho Harmonica Ensemble,團體,臺灣,臺灣,重奏/國際比賽/WHF 2025/林家靖編曲,口琴重奏,演出團體,,,,,,,https://worldharmonicafestival.de/wp-content/uploads/2025/09/WHF_2025_Competition_Participant_List__Schedule-2.pdf,,Paskho Harmonica Ensemble Taiwan harmonica WHF 2025 Rolabo Lin
277,Kyber Harmonica Ensemble,Kyber Harmonica Ensemble,團體,臺灣,臺灣,重奏/國際比賽/WHF 2025,口琴重奏,演出團體,,,,,,,https://worldharmonicafestival.de/wp-content/uploads/2025/09/WHF_2025_Competition_Participant_List__Schedule-2.pdf,,Kyber Harmonica Ensemble Taiwan harmonica WHF 2025 Star Wars Suite
278,無錫市人民政府（亞太口琴藝術週資訊）,Wuxi Municipal Government - Asia Pacific Harmonica Art Week,政府/資訊來源,中國,中國/江蘇/無錫,第十五屆亞太口琴藝術週/政府文化新聞/活動資訊,口琴/文化活動,官方活動資訊來源,,,,,,,https://www.wuxi.gov.cn/doc/2026/07/26/4810061.shtml,,無錫市人民政府 Wuxi 第十五屆亞太口琴藝術週 江陰 2026 21國 2500人
279,Don't Cry Ensemble,Don't Cry Ensemble,團體,臺灣,臺灣,三重奏/小合奏/THMF 2026小合奏公開組並列亞軍,口琴三重奏/小合奏,演出團體,,,,,,,https://www.taiwanharmonica.com/s/E1_-h3sj.pdf,,Don't Cry Ensemble Taiwan harmonica THMF 2026 E1 second
280,Comet Harmonica Ensemble,Comet Harmonica Ensemble,團體,臺灣,臺灣,小合奏/THMF 2026小合奏公開組第四名,口琴小合奏,演出團體,,,,,,,https://www.taiwanharmonica.com/s/E1_-h3sj.pdf,,Comet Harmonica Ensemble Taiwan harmonica THMF 2026 E1 fourth
281,AcousTek Harmonica Ensemble,AcousTek Harmonica Ensemble,團體,臺灣,臺灣,小合奏/THMF 2026小合奏公開組季軍,口琴小合奏,演出團體,,,,,,,https://www.taiwanharmonica.com/s/E1_-h3sj.pdf,,AcousTek Harmonica Ensemble Taiwan harmonica THMF 2026 E1 third The Map Painter Adventure
282,自由的口琴樂團,Free Harmonica Ensemble,團體,臺灣,臺灣,大合奏/THMF 2026大合奏公開組第五名,口琴大合奏,演出團體,,,,,,,https://www.taiwanharmonica.com/s/F1_-kgya.pdf,,自由的口琴樂團 Free Harmonica Ensemble Taiwan THMF 2026 F1 fifth Attack on Titan Medley
283,巴國聯軍,Baguo Alliance,團體,臺灣,臺灣,大合奏/跨團合作/THMF 2026大合奏公開組亞軍,口琴大合奏,演出團體,,,,,,,https://www.taiwanharmonica.com/s/F1_-kgya.pdf,,巴國聯軍 Baguo Alliance Taiwan harmonica THMF 2026 F1 second Disney Fantasy
284,龍騎士口琴樂團,Dragon Knight Harmonica Ensemble,團體,臺灣,臺灣,大合奏/THMF 2026大合奏公開組冠軍,口琴大合奏,演出團體,,,,,,,https://www.taiwanharmonica.com/s/F1_-kgya.pdf,,龍騎士 Dragon Knight Harmonica Ensemble Taiwan THMF 2026 F1 champion 馴龍高手
285,海豚星樂團,Dolphin Star Harmonica Ensemble,團體,臺灣,臺灣/南投,跨世代合奏/偏鄉音樂教育/THMF 2026大合奏公開組第七名,口琴大合奏,演出團體/教育推廣,,,,,,,https://www.taiwanharmonica.com/s/F1_-kgya.pdf,,海豚星樂團 Dolphin Star Harmonica Ensemble 南投 廣福國小 口琴 THMF 2026 F1 seventh
286,Seoul BLUE Harmonica Ensemble,Seoul BLUE Harmonica Ensemble,團體,韓國,韓國/首爾,小合奏/2024 亞太口琴節長青小合奏組冠軍/2025 定期公演,口琴重奏,國際演出團體,,,,,,,https://gcfac.or.kr/performance/commonView?currRow=1&gcfac_menu_cd=U0007&perDisGubun=performance&returnURI=%2Fperformance%2FcurrentList&seq_no=3630&serhDate=&serhPerforDisplay=&serhTitle=,,Seoul BLUE Harmonica Ensemble Korea APHF 2024 senior small ensemble champion
287,Seoul RED Harmonica Ensemble,Seoul RED Harmonica Ensemble,團體,韓國,韓國/首爾,室內樂/2024 亞太口琴節公開室內樂組季軍/2025 定期公演,口琴重奏,國際演出團體,,,,,,,https://gcfac.or.kr/performance/commonView?currRow=1&gcfac_menu_cd=U0007&perDisGubun=performance&returnURI=%2Fperformance%2FcurrentList&seq_no=3630&serhDate=&serhPerforDisplay=&serhTitle=,,Seoul RED Harmonica Ensemble Korea APHF 2024 open chamber third prize
288,Seoul THE DREAM Harmonica Orchestra,Seoul THE DREAM Harmonica Orchestra,團體,韓國,韓國/首爾,大型合奏/2024 亞太口琴節公開管弦樂組冠軍/2025 定期公演,半音階/複音/和弦/低音口琴,國際演出團體,,,,,,,https://gcfac.or.kr/performance/commonView?currRow=1&gcfac_menu_cd=U0007&perDisGubun=performance&returnURI=%2Fperformance%2FcurrentList&seq_no=3630&serhDate=&serhPerforDisplay=&serhTitle=,,Seoul THE DREAM Harmonica Orchestra Korea APHF 2024 open orchestra champion
289,Tony Eyers,Tony Eyers,個人,澳洲,澳洲/雪梨,複音與十孔口琴/傳統音樂/Major Cross 調音/線上教學/APHF 2026,複音/十孔口琴,國際演出人員/教育者,,,,,,,https://tonyeyers.com/,,Tony Eyers Australia harmonica Harmonica Academy Major Cross APHF 2026
290,Ivan Marcio,Ivan Marcio,個人,巴西,巴西/聖保羅,藍調口琴/Jump Blues/錄音製作/教學/APHF 2026,十孔口琴,國際演出人員/教育者/製作人,,https://www.instagram.com/ivanmarciogaita/,,,,,https://www.aphfhx.com/information/announcementDetail/417110312852779008,,Ivan Marcio ivanmarciogaita Brazil blues harmonica APHF 2026
291,Angelberto Pibe Árcega,Angelberto Pibe Arcega,個人,墨西哥,墨西哥/科利馬,藍調與爵士口琴/跨界電子音樂/音樂製作與廣播/APHF 2026,十孔/半音階口琴,國際演出人員/製作人/教育推廣,https://www.facebook.com/pibe.arcega/,,,,,,https://www.ucol.mx/noticias/nota_14055.htm,,Angelberto Pibe Arcega Mexico Colima blues jazz harmonica APHF 2026 PARCEGAD
292,Julien Cormier,Julien Cormier,個人,法國,法國/奧克西塔尼,藍調與Roots音樂/Straw Men二重奏/De l’Hers sur les anches口琴音樂節組織與演出/APHF 2026,十孔口琴,國際演出人員/音樂節策劃與推廣者,,,,,,,https://www.aymeric-simon.com/straw-man,,Julien Cormier France harmonica Straw Men blues roots De l Hers sur les anches APHF 2026
293,Michał Kielak,Michal Kielak,個人,波蘭,波蘭,藍調口琴/錄音與巡演/2024 波蘭年度口琴手/APHF 2026,十孔口琴,國際演出人員/錄音樂手,,,,,,,https://kielak.pl/,,Michal Kielak Michał Kielak Poland harmonica harp player APHF 2026
294,Ian Lofamia,Ian Lofamia,個人,菲律賓,菲律賓/馬尼拉,藍調口琴/錄音與電影配樂/Ian Lofamia Band/APHF 2026,十孔口琴,國際演出人員/錄音樂手,,,,,,,https://tbcmanila.com/work/giliw-mv,,Ian Jorelle Lofamia Philippines blues harmonica Ian Lofamia Band APHF 2026
295,SUZUKI Harmonica,SUZUKI Harmonica,品牌,日本,日本/靜岡,半音階/十孔/複音/低音與和弦口琴/產品資訊,口琴,樂器品牌/器材資訊,,https://www.instagram.com/suzukimusicglobal/,https://www.youtube.com/channel/UCIyVeF24bW3bO1azA8K8tgg,,,,https://suzukimusic-global.com/harmonicas.php?parent_cate_cd=1,,SUZUKI Harmonica Suzuki Musical Instrument Japan chromatic diatonic tremolo bass chord
296,C.A. SEYDEL SÖHNE,C.A. SEYDEL SÖHNE,品牌,德國,德國/克林根塔爾,十孔/半音階/複音與八度口琴/SEYDEL Academy/2026 工作坊,口琴,樂器品牌/器材資訊/教學,,,,,,,https://www.seydel1847.de/,,C.A. Seydel Sohne Germany harmonica 1847 stainless steel reeds workshops 2026
297,SHG Hering Harmonicas,SHG Hering Harmonicas,品牌,巴西,巴西/布盧梅瑙,十孔/半音階/複音口琴/藝術家與產品資訊,口琴,樂器品牌/器材資訊,https://facebook.com/shggaitas,https://www.instagram.com/shggaitas/,,,,,https://shg.art.br/,,SHG Hering Harmonicas Brazil gaita diatonic chromatic tremolo artists
298,香港兒童合唱團口琴課程,HKCC Harmonica Programme,教學/學校/青年,香港,香港,兒童口琴課程/合奏訓練/年度成果音樂會/2026 招生,半音階/口琴合奏,教學單位/青年培育,https://www.facebook.com/hkcchoir,https://www.instagram.com/hkcchoir/,https://www.youtube.com/user/hkcchoir,,,,https://hkcchoir.org.hk/en/instrumental-programme,,香港兒童合唱團 HKCC Harmonica Programme 口琴課程 Gordon Lee 2026 招生 兒童合奏
299,基隆社區大學就是吹口琴,Keelung Community University Harmonica,教學/社區,臺灣,臺灣/基隆,社區口琴課程/十孔/重奏/半音階/THMF 2026 熟齡組,十孔/半音階/口琴合奏,教學單位/社區推廣,,,,,,,https://kcu.twcu.org.tw/course/m_course_list.php,,基隆社區大學 就是吹口琴 陳鴻儀 2026 秋季班 THMF 熟齡組
300,류선웅 Sunwoong Ryu,Sunwoong Ryu,個人,韓國,韓國/大田/首爾,半音階/古典/Seoul Soloists/WHF 2025團體冠軍/THMF 2026半音階獨奏公開組第四名,半音階口琴,國際演出人員/音樂教師,,,,,,,https://www.daejeon.go.kr/djac/performanceView.do?code=5379&listCondition=&menuSeq=6709&pageIndex=1&type=image&yyyymm=202604,,류선웅 Sunwoong Ryu harmonica Seoul Soloists APHF 2018 WHF 2025 THMF 2026 A1 fourth music teacher
301,梁栢渝 Ramiel Leung,Ramiel Leung,個人,香港,香港,半音階/Perfect Fourth/音樂製作與錄音/2023 香港國際半音階口琴大賽冠軍/APHF 2026,半音階,國際演出人員/口琴教師/音樂製作人,,,,,,,https://www.perfectfourth.org/ramielleung.html,,梁栢渝 梁柏渝 Ramiel Leung harmonica Perfect Fourth HKHA APHF 2026 world champion teacher producer
302,白燕生,Bai Yansheng,個人,中國,中國/北京,半音階/北京口琴樂團/中國大眾音樂協會口琴專業委員會/教材編著/APHF 2026,半音階,國際演出人員/教育者/協會推廣者/作者,,,,,,,https://www.harmonica.org.cn/dongtai-show.asp?Pone=16&plt=36,,白燕生 Bai Yansheng 口琴 北京口琴樂團 中國大眾音樂協會 口琴專業委員會 APHF 2026 教材
303,陳詩霖,Chen Shilin,個人,中國,中國,口琴演奏/APHF 2026 東方之夜,口琴,國際演出人員,,,,,,,https://aphfx-1255574727.cos.ap-shanghai.myqcloud.com/20260525/b7c13721063843dea26d91b405ad27dc.png,,陳詩霖 陈诗霖 Chen Shilin 口琴 APHF 2026 東方之夜
304,張雅誥,Chong Ah Kow,個人,馬來西亞,馬來西亞/吉隆坡,複音/五聲音階口琴研發/亞太口琴節/文化藝術推廣/APHF 2026,複音/五聲音階口琴,國際演出人員/教育者/協會推廣者,https://facebook.com/harmonicachong,,https://www.youtube.com/@MyHarmonicaWorld,,,,https://myharmonicaworld.com/zh/the-founder/,,張雅誥 张雅诰 Chong Ah Kow harmonica Malaysia world champion pentatonic tremolo APHF 2026
305,黃浚宇,Wong Chun Yu,個人,香港,香港,複音/五葉草口琴隊/亞太與首爾口琴節冠軍/香港口琴協會理事/APHF 2026,複音,國際演出人員/講師/協會理事,,,,,,,https://www.hkharmonica.org/cas2024-25-talk-3/,,黃浚宇 黄浚宇 Wong Chun Yu harmonica tremolo Clover Harmonica HKHA APHF SIHF 2026
306,楊樂,Le Yang,個人,中國,中國/北京,中國藍調口琴先行者/流行錄音與現場演奏/七合板樂隊/APHF 2026,十孔口琴/長笛/吉他,國際演出人員/創作歌手/賽事評委,,,,,,,https://www.sonymusic.com.tw/album/le-yang-talking-to-myself-1/,,楊樂 杨乐 Le Yang 中國藍調口琴 七合板 自言自語 APHF 2026 Easttop
307,張錫範,Seokbeom Jang,個人,韓國,韓國/首爾,半音階口琴/Into The Harmonica代表/演奏教學與編曲/2012 APHF二重奏三重奏大合奏冠軍/獨奏亞軍/五重奏季軍/THMF 2026,半音階口琴,國際演出人員/大學教師/口琴學院代表/編曲者,,https://www.instagram.com/into_be_om/,,,,,https://cms.sjcu.ac.kr/ko/department/music-professor.do,,張錫範 장석범 Seokbeom Jang Into The Harmonica THMF 2026 APHF 2012 Seoul harmonica professor
308,Into The Harmonica 口琴學院,Into The Harmonica Academy,教學工作室,韓國,韓國/首爾,成人口琴教學/教材/示範演奏/半音階/THMF交流,半音階口琴,口琴教學機構/教材與影音來源,,,https://www.youtube.com/@INTOTHEHARMONICA,,,,,,인투더하모니카학원 Into The Harmonica Academy Seoul harmonica lesson Seokbeom Jang Jongseong Park THMF
309,韓國口琴領袖協會,Korea Harmonica Leaders Incorporated Association,協會,韓國,韓國/大邱,口琴教育/講師認證/教材出版/合奏/國際比賽與交流/2026年第26期講師資格課程,複音口琴/半音階口琴/和弦口琴/低音口琴,協會/教育與講師培訓/演出團體,,,https://www.youtube.com/channel/UC6ZDrvYsxIs-q06ImGWAW3g,,,,https://www.kharmonicaleaders.co.kr/,,사단법인 한국하모니카리더스 Korea Harmonica Leaders Daegu teacher certification 2026 26th APHF SIHF THMF
310,林津鋒,Lin Jinfeng,個人,中國,中國/福建/莆田/仙游,十孔口琴演奏/獨奏與樂團合作/影視配樂/歌唱與表演,十孔口琴,國際演出人員/歌手與演員/HOHNER 藝人,,,,,,,https://hohner.de/en/lin-jinfeng,,林津鋒 Lin Jinfeng harmonica Hohner 福建 莆田 仙游 影視配樂 歌手 演員
311,藍饃饃,Bunmonica Du,個人/器材技師,中國,中國,十孔口琴演奏/APHF 2018 公開組冠軍/SIHF 2024 亞軍/壓音教學/調音維修/口琴設計與譜例,十孔口琴,國際演出人員/教師/專業調音師/口琴設計師/工作室創辦人,https://www.facebook.com/groups/178333094509546/user/100092310542105,,,,,,https://www.jdrharmonica.com/pages/bunmonica-du,,藍饃饃 蓝馍馍 Bunmonica Du harmonica JDR APHF SIHF bending tuning designer
312,「天鵝自由呼吸」寧波口琴節,Swan Free Breathing Ningbo Harmonica Festival,活動/資訊入口,中國,中國/浙江/寧波,2026年6月28日/三場口琴音樂活動/精品音樂沙龍/城市口琴聯盟交流/紀念石人望誕辰120周年音樂會,半音階口琴/複音口琴/口琴合奏,中國地方口琴節/音樂會與交流活動來源,,,,,,,http://www.cmia.com.cn/qydt/11674.html,,天鵝自由呼吸 宁波口琴节 Swan Free Breathing Ningbo Harmonica Festival 2026 石人望 孟偉華 楊晟 安貴林 毛哲川
313,第二屆海峽兩岸（蕉城）口琴文化週,2nd Cross-Strait Jiaocheng Harmonica Culture Week,活動/資訊入口,中國,中國/福建/寧德/蕉城,2026年7月20日開幕/兩岸口琴樂團交流/天狼星與茱蒂專場/口琴擂台賽/百人合奏/公益與閩東文化探訪,半音階口琴/複音口琴/口琴重奏與合奏,兩岸口琴文化交流活動/音樂會與賽事資訊來源,,,,,,,https://nd.fjsen.com/wap/2026-07/21/content_32222166.htm,,第二屆海峽兩岸 蕉城 口琴文化週 2026 山海回響 兩岸和聲 天狼星 茱蒂 口琴擂台賽 琴系遠山
314,Rivet 口琴重奏,Rivet Harmonica Ensemble,團體,香港,香港,2014年成立/以半音階與低音口琴改編古典音樂/成都、巴林、首爾與德國等國際演出/《琴聲貢聚》2026-27計劃,半音階口琴/低音口琴/口琴重奏,國際演出團體/古典改編與青年口琴推廣,,,,,,,https://www.hkharmonica.org/cas2026-27-project-activation-concert/,,Rivet Harmonica Ensemble 香港 2014 chromatic bass classical 成都 巴林 首爾 德國 琴聲貢聚 2026
315,Yotam Ben-Or,Yotam Ben-Or,個人,以色列,比利時/以色列/紐約/國際,比利時與以色列背景的爵士半音階口琴家與作曲家/以中東、拉丁、非洲與古典語彙拓展現代爵士口琴/師承Grégoire Maret/林肯中心與卡內基音樂廳演出/2025專輯《Impermanence》/2026東華春藝季三重奏音樂會,半音階口琴/爵士口琴,國際演出人員/作曲家/爵士樂團領隊,https://www.facebook.com/yotambo/,https://www.instagram.com/yotambo1/,https://www.youtube.com/channel/UCj4vj3haLP9VWs_DOMbzbkQ,,,,https://www.yotambo.com/,,Yotam Ben-Or harmonica jazz composer Belgian Israeli New York Gregoire Maret Impermanence 2025 NDHU Spring Arts Festival Taiwan 2026
316,太平國小口琴隊,Taiping Elementary School Harmonica Ensemble,學校/青年,臺灣,臺灣/臺中/太平,臺中市太平國小口琴合奏團隊/長期扎根音樂教育與分部訓練/114學年度全國學生音樂比賽國小口琴合奏特優/2026達成連續四年全國賽特優,口琴合奏/校園口琴教育,學校團隊/青少年口琴教育/全國學生音樂比賽團隊,,,,,,,https://www.tc.edu.tw/page/e78c96c9-54fc-453a-8119-72e5d4d0dcde/activity-school-content?id=109586,,臺中 太平國小口琴隊 Taiping Elementary School Harmonica Ensemble 2026 全國學生音樂比賽 口琴合奏 特優 四連霸 蔡政嘉 姜義良
317,口琴音樂賽事中心,Harmonica Music Events Center,活動/資訊入口,中國,中國/全國,中國口琴賽事與藝術週資訊入口/亞太口琴藝術週/華夏口琴藝術週/敦煌杯/地方展演/簡章、日程、公告與演出影片,半音階口琴/複音口琴/十孔口琴/口琴重奏與合奏,中國口琴活動入口/賽事與音樂節資訊來源,,,,,,,https://www.aphfhx.com/,,口琴音樂賽事中心 口琴音乐赛事中心 APHF 華夏口琴藝術週 亞太口琴藝術週 敦煌杯 天水 眉山 2026
318,何東中學口琴隊,Hotung Secondary School Harmonica Band,學校/青年,香港,香港/銅鑼灣,1979年成立的女子口琴隊/學校與國際賽事演出/2017世界口琴節公開樂團組冠軍/2024亞太口琴節青少年室內樂金獎與二重奏銀獎/8名隊員參與2025世界口琴節並於2026祝捷音樂會演出,半音階口琴/和弦口琴/低音口琴/口琴合奏,學校團隊/青少年口琴教育/國際比賽團隊,,,,,,,https://hotungss.edu.hk/wp-content/uploads/2026/07/%E4%BD%95%E6%9D%B1%E4%B8%AD%E5%AD%B8%E7%AC%AC%E4%BA%8C%E6%9C%9F%E6%A0%A1%E8%A8%8A2025-26-1.pdf,,何東中學口琴隊 Hotung Secondary School Harmonica Band HSSHB 1979 女子口琴隊 WHF 2017 2025 APHF 2024 金獎 銀獎 2026 香港
319,莊庭皓 Ivan Chong,Ivan Chong Ting-ho,個人,香港,香港,半音階口琴演奏與教學/Perfect Fourth成員/何東中學口琴隊指揮與多校口琴導師/2009世界口琴節成人二重奏冠軍/2014起擔任首爾、亞太與世界口琴節評審及嘉賓/口琴維修與Co-op Harmonica創辦,半音階口琴,國際演出人員/口琴教師/學校樂團指揮/評審/維修技師,https://www.facebook.com/chongtingho,https://www.instagram.com/chongtingho/,https://www.youtube.com/channel/UCNjS1XofiGjUCzKTYz7DOLw,,,,https://ivanchong.com/,,莊庭皓 Ivan Chong Ting-ho Perfect Fourth Hotung Secondary School Harmonica Band WHF SIHF APHF Co-op Harmonica Hohner service technician 香港
320,黃庭晧,,個人,臺灣,臺灣,Stay Drunk 口琴樂團成員/2026首爾國際口琴節成人重奏第二名/2026臺中一中校友音樂會與大學聯合成發演出/公開分享SIHF參賽、THMF工作人員與校友會指揮經歷,口琴重奏,演出人員/樂團團員/校友會指揮,,https://www.instagram.com/hth941116/,,,,,,,黃庭晧 黃庭皓 hth941116 Stay Drunk 口琴樂團 SIHF THMF 首爾國際口琴節 臺灣口琴音樂節 臺中一中口琴社 口琴重奏 指揮 演出
321,黃渝雯,,個人,臺灣,臺灣/臺南/臺北,口琴演奏與教學/台南社區大學口琴教師/成大校園口琴教學與多所中小學口琴隊指導/巴巴口琴坊成員,口琴,演出人員/口琴教師/學校社團指導老師,https://www.facebook.com/huang.yu.wen.163338,,,,,,,,黃渝雯 巴巴 Huang Baba huang_baba 巴巴口琴坊 成大口琴社 德南國小口琴隊 公園國小口琴隊 馬光國中口琴隊 台南社區大學 中山女高口琴社
322,TOMBO祭アワード,TOMBO Festival Awards,活動/資訊入口,日本,日本/線上,トンボ楽器主辦的年度線上口琴與手風琴內容競賽/2026徵件期為5月15日至10月31日/11月13日公布結果/演奏、創作、影像與推廣任務,口琴/手風琴,國際線上賽事/徵件與結果資訊來源,https://www.facebook.com/tombogakki/,https://www.instagram.com/harmonica_accordion.jp/,https://www.youtube.com/@tombogakki,https://x.com/tombo_info,,,https://www.tombo-m.co.jp/tombofes/2026/award.html,,TOMBO祭アワード TOMBO Festival Awards 2026 トンボ楽器 口琴 手風琴 線上競賽 作品徵件 10秒間で鷲づかみ オフィシャルミッション フリーミッション
323,日本ハーモニカまつり,Japan Harmonica Festival,活動/資訊入口,日本,日本/東京/代代木,日本ハーモニカ芸術協会主辦/2027年4月23日至24日於國立奧林匹克紀念青少年綜合中心舉行/紀念口琴誕生200周年與佐藤秀廊世界大會優勝100周年/演奏、研修與交流,複音口琴/口琴合奏,國際音樂節/活動公告與報名資訊來源,,,,,,,https://jhaa.info/topics/index.html,,日本ハーモニカまつり Japan Harmonica Festival 2027 JHAA 日本ハーモニカ芸術協会 代々木 國立奧林匹克紀念青少年綜合中心 口琴200周年 佐藤秀廊
324,Jason Ricci,Jason Ricci,個人,美國,美國,藍調/搖滾/即興/教學/演出影片,十孔,演奏者/教師/影音創作者,https://www.facebook.com/jasonricciartistpage/,https://www.instagram.com/jasonricci93/,https://www.youtube.com/@jasonricci,,,,https://www.jasonriccimusic.com/,口琴,Jason Ricci 藍調 搖滾 即興 教學 演出影片 harmonica harmonica Jason Ricci
325,Roly Platt,Roly Platt,個人,加拿大,加拿大,錄音/藍調/鄉村/教學/口琴工具,十孔,錄音樂手/教師/影音創作者,,,https://www.youtube.com/@RolyPlatt,,,,https://rolyplatt.com/,口琴,Roly Platt 錄音 藍調 鄉村 教學 口琴工具 harmonica harmonica Roly Platt
326,Ronnie Shellist,Ronnie Shellist,個人,美國,美國,藍調/即興/壓音/教學,十孔,演奏者/教師/影音創作者,https://www.facebook.com/RonnieShellist,,https://www.youtube.com/user/RonnieShellist,,,,https://www.harmonica123.com/,口琴,Ronnie Shellist 藍調 即興 壓音 教學 harmonica harmonica Ronnie Shellist
327,Joe Filisko,Joe Filisko,個人,美國,美國,傳統藍調/節奏/和弦/教學/口琴改裝,十孔,演奏者/教師/口琴改裝師,https://www.facebook.com/334794169890630,,https://www.youtube.com/@filiskosharmonicamethodins8177,,,,https://filiskostore.com/,口琴,Joe Filisko 傳統藍調 節奏 和弦 教學 口琴改裝 harmonica harmonica Joe Filisko
328,Dennis Gruenling,Dennis Gruenling,個人,美國,美國,電聲藍調/教學/復古麥克風/器材示範,十孔/半音階,演奏者/教師/影音創作者,https://www.facebook.com/dgbadassharmonica,https://www.instagram.com/badassharmonica/,https://www.youtube.com/user/DennisGruenling,,,,https://badassharmonica.com/,口琴,Dennis Gruenling 電聲藍調 教學 復古麥克風 器材示範 harmonica harmonica Dennis Gruenling
329,Adam Gussow,Adam Gussow,個人,美國,美國,藍調/超吹/教學/演出影片,十孔,演奏者/教師/影音創作者,,,https://www.youtube.com/channel/UCfYHJbTZklgZU1bEVLaZyvQ,https://x.com/AdamGussow,,,https://www.modernbluesharmonica.com/,口琴,Adam Gussow 藍調 超吹 教學 演出影片 harmonica harmonica Adam Gussow
330,David Barrett,David Barrett,個人,美國,美國,藍調/舌堵/即興/教學/教材,十孔/半音階,全職口琴教師/演奏者/教材作者,,,https://www.youtube.com/channel/UC2Ph58FSSnrNNe_7igF7W8g,,,,https://www.bluesharmonica.com/,口琴,David Barrett 藍調 舌堵 即興 教學 教材 harmonica harmonica David Barrett
331,Michael Rubin,Michael Rubin,個人,美國,美國,藍調/樂理/教學/錄音,十孔/半音階/低音,演奏者/教師/錄音樂手,https://www.facebook.com/michael.rubin.505,,https://www.youtube.com/user/michaelrubinharmonic,,,,https://michaelrubinharmonica.com/,口琴,Michael Rubin 藍調 樂理 教學 錄音 harmonica harmonica Michael Rubin
332,Todd Parrott,Todd Parrott,個人,美國,美國,鄉村/福音/藍調/超吹/教學,十孔,演奏者/教師,,,https://www.youtube.com/@AceOfHarps,,,,http://toddparrott.com/,口琴,Todd Parrott 鄉村 福音 藍調 超吹 教學 harmonica harmonica Todd Parrott
333,Carlos del Junco,Carlos del Junco,個人,加拿大,加拿大,藍調/爵士/超吹/教學/錄音,十孔,演奏者/教師/錄音樂手,https://www.facebook.com/CarlosdelJuncoMusic/,,,,,,https://www.carlosdeljunco.com/,口琴,Carlos del Junco 藍調 爵士 超吹 教學 錄音 harmonica harmonica Carlos del Junco
334,Will Wilde,Will Wilde,個人,英國,英國/國際,英國藍調搖滾口琴演奏家、歌手與詞曲創作者。頻道分享現場演出、音樂影片與口琴教學，官網提供巡演與唱片資訊。,十孔口琴/藍調口琴/人聲,演奏家/歌手/詞曲創作者,https://www.facebook.com/willwildeofficial,https://www.instagram.com/will.wilde/,https://www.youtube.com/@willharmonicawilde,,,,https://www.willharmonicawilde.com/,,Will Wilde blues rock diatonic harmonica performance tutorials harmonica Will Wilde
335,Tomlin Leckie,Tomlin Leckie,個人,英國,蘇格蘭/英國/國際,居住蘇格蘭的藍調口琴演奏家、教師及 Tomlin Harmonica School 創辦人。教學涵蓋入門技巧、藍調樂句、即興與練習方法，持續發布影片課程及學員問答。,十孔口琴/藍調口琴,口琴教師/演奏家/教學內容創作者,https://www.facebook.com/tomlinharmonicalessons,https://www.instagram.com/tomlinharmonicalessons/,https://www.youtube.com/@TomlinHarmonica,,,,https://www.tomlinharmonicalessons.com/,,Tomlin Leckie blues harmonica education beginner lessons improvisation harmonica Tomlin Leckie
336,Jean-Jacques Milteau,Jean-Jacques Milteau,個人,法國,法國/國際,法國口琴音樂家，作品探索藍調、靈魂、鄉村與民謠。官方頻道結合演出與口琴實作示範，官網收錄專輯及教學出版品。,十孔口琴/藍調口琴,演奏家/錄音藝術家/教學作者,https://www.facebook.com/JJMilteau/,https://www.instagram.com/jjmilteauofficial/,https://www.youtube.com/@jjmilteau,,,,https://www.jjmilteau.net/,,Jean-Jacques Milteau blues soul country harmonica lessons harmonica Jean-Jacques Milteau
337,Mathias Heise,Mathias Heise,個人,丹麥,丹麥/國際,丹麥半音階口琴演奏家、作曲家與編曲家。作品橫跨原音爵士、Mathias Heise Quadrillion 的融合爵士及大型樂團合作，官方頻道提供演奏影片與錄音作品。,半音階口琴/鍵盤,演奏家/作曲家/編曲家,https://www.facebook.com/MathiasHeiseMundharperiOgAndreKrumspring/,,https://www.youtube.com/@MathiasHeise,,,,https://www.mathiasheise.dk/,,Mathias Heise jazz fusion chromatic harmonica composition arranging harmonica Mathias Heise
338,Hermine Deurloo,Hermine Deurloo,個人,荷蘭,荷蘭/國際,荷蘭半音階口琴演奏家，以抒情爵士音色見長。合作包括與 Steve Gadd、小型爵士組合及管弦樂團的錄音與演出，官方頻道分享現場演奏及原創音樂。,半音階口琴,爵士口琴演奏家/作曲家,,,https://www.youtube.com/@HermineDeurlooharmonica,,,,https://www.herminedeurloo.com/,,Hermine Deurloo jazz chromatic harmonica improvisation composition harmonica Hermine Deurloo
339,Will Pound,Will Pound,個人,英國,英國/國際,英國口琴與按鈕式手風琴演奏家，將民間音樂傳統帶入跨界合作。作品包括個人與樂團錄音、民俗舞曲，以及與打擊樂家 Delia Stevens 的 Stevens & Pound 計畫。,十孔口琴/按鈕式手風琴,口琴演奏家/錄音樂手/作曲者,https://www.facebook.com/Willharmonica,https://www.instagram.com/willharmonicas/,,,,,https://willpound.com/,,Will Pound folk traditional music harmonica melodeon harmonica Will Pound
340,Sébastien Charlier,Sébastien Charlier,個人,法國,法國/國際,法國十孔口琴演奏家，橫跨爵士、搖滾與融合音樂。作品包括 Precious Time 系列、合作演出及口琴工作坊，並出版教學書籍與奏法示範。,十孔口琴,口琴演奏家/作曲家/教學作者,https://www.facebook.com/sebastien.charlier.397,,,,,,http://www.sebcharlier.com/,,Sébastien Charlier jazz fusion diatonic harmonica overblow education harmonica Sébastien Charlier
341,Lee Sankey,Lee Sankey,個人,英國,英國/國際,英國藍調口琴音樂家與教學創作者，頻道涵蓋初階至進階奏法、舌堵技巧與樂句處理，並分享現場演出及原創音樂。,十孔口琴/藍調口琴,口琴教師/演奏者/影片創作者,https://www.facebook.com/bluesharmonicalessons,,https://www.youtube.com/@leesankeygroup,,,,https://www.leesankey.com/music,,Lee Sankey blues harmonica education tongue blocking performance harmonica Lee Sankey
342,Amanda Ventura,Amanda Ventura,個人,巴西,巴西,藍調/演奏影片/口琴譜/線上教學,十孔口琴,口琴演奏者/線上教師/影音創作者,,,https://www.youtube.com/@AmandaVentura,,,,,,Amanda Ventura 藍調/演奏影片/口琴譜/線上教學 十孔口琴 harmonica Amanda Ventura
343,Gabriel Grossi,Gabriel Grossi,個人,巴西,巴西/國際,巴西音樂/爵士/流行與古典跨界/作曲與製作,半音階口琴,國際演出人員/作曲家/音樂製作人,https://www.facebook.com/gabrielgrossioficial/,https://www.instagram.com/gabrielgrossi/,https://www.youtube.com/@GabrielGrossioficial,https://twitter.com/gabrielgrossibr,,,https://www.gabrielgrossi.com/,,Gabriel Grossi 巴西音樂/爵士/流行與古典跨界/作曲與製作 半音階口琴 harmonica Gabriel Grossi
344,Mariano Massolo,Mariano Massolo,個人,阿根廷,阿根廷/布宜諾斯艾利斯,吉普賽爵士/搖擺/藍調/線上口琴課程,十孔口琴,國際演出人員/口琴教師/教學機構總監,https://www.facebook.com/profile.php?id=100070499919459,https://www.instagram.com/marianomassolo/,https://www.youtube.com/@MarianoMassoloOficial,,,,https://marianomassolo.com/en/,,Mariano Massolo 吉普賽爵士/搖擺/藍調/線上口琴課程 十孔口琴 harmonica Mariano Massolo
345,Mitch Grainger,Mitch Grainger,個人,澳洲,澳洲/美國,藍調/根源音樂/英文口琴教學/器材研發,十孔口琴/吉他,國際演出人員/口琴教師/麥克風發明者,https://www.facebook.com/Mr.Mitch.Grainger,https://www.instagram.com/mitch.grainger.music/,https://www.youtube.com/@MitchGrainger-Music-Harmonica,,,https://www.tiktok.com/@mitchgrainger,https://mitchgrainger.com/,,Mitch Grainger 藍調/根源音樂/英文口琴教學/器材研發 十孔口琴/吉他 harmonica Mitch Grainger
346,Franco Luciani,Franco Luciani,個人,阿根廷,阿根廷/國際,探戈/阿根廷民俗/爵士/古典/半音階練習曲,半音階口琴,國際演出人員/作曲家/歌手,,https://www.instagram.com/franco.luciani.armonica/,https://www.youtube.com/@FrancoLucianiArmonica,,,,https://suzukimusic-global.com/artist_single.php?artists_cd=51,,Franco Luciani 探戈/阿根廷民俗/爵士/古典/半音階練習曲 半音階口琴 harmonica Franco Luciani
347,Pablo Fagundes,Pablo Fagundes,個人,巴西,巴西/巴西利亞,巴西音樂/Choro/爵士/藍調/口琴教育,半音階口琴/十孔口琴,國際演出人員/口琴教師/音樂課程設計者,https://www.facebook.com/pablofagundesharmonica/,,https://www.youtube.com/@PabloFagundes,,,,https://suzukimusic-global.com/artist_single.php?artists_cd=36,,Pablo Fagundes 巴西音樂/Choro/爵士/藍調/口琴教育 半音階口琴/十孔口琴 harmonica Pablo Fagundes
348,Chris Maunders,Chris Maunders,個人,澳洲,澳洲/墨爾本,爵士/半音階口琴/校園教育/十孔口琴入門,半音階口琴/十孔口琴,全職演奏者/錄音音樂家/口琴教師/校園課程創辦人,,,,,,,https://www.harpsabreeze.com.au/chris-maunders,,Chris Maunders 爵士/半音階口琴/校園教育/十孔口琴入門 半音階口琴/十孔口琴 harmonica Chris Maunders
349,Rohan Singhal,Rohan Singhal,個人,印度,印度/印多爾,印度古典Raga/藍調/跨曲風演奏/青年口琴,十孔口琴,口琴演奏者/歌手/音樂節講者,https://www.facebook.com/people/Rohan-Singhal/100010535913165,https://www.instagram.com/rohan.music/,,,,,https://www.rohanharmonica.com/,,Rohan Singhal 印度古典Raga/藍調/跨曲風演奏/青年口琴 十孔口琴 harmonica Rohan Singhal
350,Christelle Berthon,Christelle Berthon,個人,法國,法國/國際,法國十孔口琴演奏者，以富有表情的旋律詮釋見長。官方頻道分享藍調、歌曲改編及樂器示範，曲目涵蓋流行旋律與古典音樂。,十孔口琴,口琴演奏者/影片創作者,,,https://www.youtube.com/@christelleberthon,,,,,,Christelle Berthon diatonic harmonica blues melodic covers performance harmonica Christelle Berthon
351,Håkan Ehn,Håkan Ehn,個人,瑞典,瑞典/國際,瑞典口琴創作者，亦以 Harmonica Hawk 為名。自學風格展現在藍調、布吉與搖滾演奏、實用技巧影片及樂器實驗；本人頻道將口琴描述為興趣。,十孔口琴/藍調口琴,口琴演奏者/教學影片創作者,,,https://www.youtube.com/@HakanEhn,,,,,,Håkan Ehn blues boogie rock harmonica tutorials harmonica Håkan Ehn
352,Greg Zlap,Greg Zlap,個人,波蘭,法國/波蘭/國際,波蘭出生、在法國發展的口琴演奏家與錄音樂手。作品結合藍調、搖滾、法語香頌及電子音樂合作，官方頻道分享演出片段、合作企畫與音樂影片。,十孔口琴/藍調口琴/人聲,口琴演奏家/錄音樂手/歌手,https://www.facebook.com/gregzlap/,https://www.instagram.com/gregzlap/,https://www.youtube.com/@gregzlap,,,,,,Greg Zlap blues rock session harmonica performance harmonica Greg Zlap
353,Max De Aloe,Max De Aloe,個人,義大利,義大利/國際,義大利半音階口琴演奏家、作曲家與教育者。結合爵士演出與音樂學校教學，出版口琴教材，並透過官方 ChromaticHarmonica 頻道分享音樂會及示範。,半音階口琴/手風琴,爵士口琴演奏家/音樂教師/教學作者,https://www.facebook.com/MaxDeAloeMusicista/,https://www.instagram.com/maxdealoe/,https://www.youtube.com/@ChromaticHarmonica1,,,,https://www.maxdealoe.it/,,Max De Aloe jazz chromatic harmonica education composition harmonica Max De Aloe
354,Ariel Bart,Ariel Bart,個人,德國,德國柏林/國際,以柏林為據點的半音階口琴演奏家與作曲家。原創音樂探索當代爵士及口琴、大提琴、鋼琴三重奏，官方頻道分享錄音與現場演奏，包括專輯 After Silence。,半音階口琴,口琴演奏家/作曲家,https://www.facebook.com/arielbartmusic,https://www.instagram.com/arielbart/,https://www.youtube.com/@arielbart4046,,,,https://www.arielbart.com/,,Ariel Bart jazz chromatic harmonica composition chamber jazz harmonica Ariel Bart
355,Sarah Saputri,Sarah Saputri,個人,印尼,印尼/萬隆,藍調/鄉村/巽他音樂/流行/口琴教學影片,十孔口琴,歌手/詞曲創作者/口琴演奏者/SEYDEL藝人,https://www.facebook.com/Sarahsaputri28,https://www.instagram.com/sarahsaputri28/,https://www.youtube.com/@SarahSaputri,,,,https://www.seydel1847.de/en/About-Us/Artists/Sarah-Saputri/,,Sarah Saputri 藍調/鄉村/巽他音樂/流行/口琴教學影片 十孔口琴 harmonica Sarah Saputri
356,Subham Mukherjee / SoundBazz,Subham Mukherjee / SoundBazz,個人,印度,印度/西孟加拉/蘇里,口琴教學/寶萊塢翻奏/器材評測/維修調校/印度口琴聚會,半音階口琴/十孔口琴,口琴教師/演奏者/影音創作者/工作室創辦人,https://www.facebook.com/subham.mukharjee3,,https://www.youtube.com/@subhamsinstrumental5152,,,,https://www.soundbazz.com/,,Subham Mukherjee / SoundBazz 口琴教學/寶萊塢翻奏/器材評測/維修調校/印度口琴聚會 半音階口琴/十孔口琴 harmonica Subham Mukherjee / SoundBazz
357,Justin Brady,Justin Brady,個人,澳洲,澳洲/墨爾本/馬拉庫塔,藍調/鄉村/根源音樂/口琴教學/工作坊,口琴/低音口琴/曼陀林/小提琴,演出人員/口琴教師/工作坊講師,https://www.facebook.com/Justin-Brady-MusicianTeacher-1067238003486945/,,,,,,https://www.justinbradymusic.com/,,Justin Brady 藍調/鄉村/根源音樂/口琴教學/工作坊 口琴/低音口琴/曼陀林/小提琴 harmonica Justin Brady
358,Dave Ferguson,Dave Ferguson,個人,南非,南非/開普敦,藍調/美式根源音樂/Beatbox/現場循環錄音,十孔口琴/人聲/Beatbox,演出人員/錄音音樂家/現場循環演出者,https://www.facebook.com/davefergusonofficial,,,,,,https://hdsentertainment.co.za/dave-ferguson/,,Dave Ferguson 藍調/美式根源音樂/Beatbox/現場循環錄音 十孔口琴/人聲/Beatbox harmonica Dave Ferguson
359,Nita Das,Nita Das,個人,印度,印度,半音階口琴/英文與印度語言教學/入門至進階課程,半音階口琴,口琴教師/線上課程講師,,,,,,,https://www.ipassio.com/online-harmonica-lessons/nita-das,,Nita Das 半音階口琴/英文與印度語言教學/入門至進階課程 半音階口琴 harmonica Nita Das
